-- phpMyAdmin SQL Dump
-- version 5.2.1
-- https://www.phpmyadmin.net/
--
-- Host: 127.0.0.1
-- Generation Time: Sep 09, 2024 at 06:43 PM
-- Server version: 10.4.32-MariaDB
-- PHP Version: 8.0.30

SET SQL_MODE = "NO_AUTO_VALUE_ON_ZERO";
START TRANSACTION;
SET time_zone = "+00:00";


/*!40101 SET @OLD_CHARACTER_SET_CLIENT=@@CHARACTER_SET_CLIENT */;
/*!40101 SET @OLD_CHARACTER_SET_RESULTS=@@CHARACTER_SET_RESULTS */;
/*!40101 SET @OLD_COLLATION_CONNECTION=@@COLLATION_CONNECTION */;
/*!40101 SET NAMES utf8mb4 */;

--
-- Database: `berita`
--

-- --------------------------------------------------------

--
-- Table structure for table `category`
--

CREATE TABLE `category` (
  `id` int(11) NOT NULL,
  `name_category` varchar(50) NOT NULL
) ENGINE=InnoDB DEFAULT CHARSET=utf8mb4 COLLATE=utf8mb4_general_ci;

--
-- Dumping data for table `category`
--

INSERT INTO `category` (`id`, `name_category`) VALUES
(1, 'E-Sports'),
(2, 'Sports'),
(3, 'Politics'),
(4, 'Film');

-- --------------------------------------------------------

--
-- Table structure for table `comment`
--

CREATE TABLE `comment` (
  `id` int(11) NOT NULL,
  `parent_id` int(11) NOT NULL,
  `name` varchar(100) NOT NULL,
  `comment` text NOT NULL,
  `date` timestamp NOT NULL DEFAULT current_timestamp() ON UPDATE current_timestamp(),
  `post_id` int(11) NOT NULL
) ENGINE=InnoDB DEFAULT CHARSET=utf8mb4 COLLATE=utf8mb4_general_ci;

-- --------------------------------------------------------

--
-- Table structure for table `posts`
--

CREATE TABLE `posts` (
  `id` int(11) NOT NULL,
  `title` varchar(250) NOT NULL,
  `img` varchar(50) NOT NULL,
  `body` text NOT NULL,
  `date` date NOT NULL,
  `author` varchar(100) NOT NULL,
  `view` int(11) NOT NULL,
  `category_id` int(11) NOT NULL,
  `url_id` int(11) NOT NULL
) ENGINE=InnoDB DEFAULT CHARSET=utf8mb4 COLLATE=utf8mb4_general_ci;

--
-- Dumping data for table `posts`
--

INSERT INTO `posts` (`id`, `title`, `img`, `body`, `date`, `author`, `view`, `category_id`, `url_id`) VALUES
(1, 'Bikin comeback gemilang lawan RRQ, EVOS ID raih gelar juara dunia M1', 'EVOS M1.jpg', 'EVOS Indonesia (Legends) memperlihatkan bahwa mereka memiliki sekumpulan pemain terbaik Mobile Legends. Setelah juara MPL season 4, Oura dkk meraih gelar Piala Dunia Mobile Legends (M1).\r\n\r\nJalan yang dilalui EVOS ID di M1 terbilang mulus. Sejak fase grup sampai sebelum grandfinal, mereka hanya kalah satu game ketika melawan wakil Jepang 10Second Gaming+.\r\n\r\nMereka bahkan sempat mengalahkan Rex Regum Qeon 2-0 di semifinal upper bracket, sebelum jumpa kembali di grandfinal.\r\n\r\nTerlihat mudah sampai grandfinal, EVOS ID mendapat perlawanan luar biasa dari RRQ. Bahkan mereka sempat tertinggal 1-3. Sebelum comeback terjadi dan diakhiri dengan epik. Pasalnya pada game ketujuh, EVOS memenangi laga hanya dalam tujuh menit.\r\n\r\nPada game pertama pertandingan sebenarnya cukup berimbang. Tapi ada satu pembeda dari RRQ. Dia adalah Granger yang dimainkan dengan sempurna oleh Tuturu.\r\n\r\nSeperti yang diketahui hero ini bisa dibilang sebagai signature untuk Tuturu. Benar saja, EVOS mengalami kesulitan menghentikannya.\r\n\r\nGame pertama begitu alot. Sampai-sampai harus berjalan hingga 33 menit. Namun, Granger benar-benar menjadi pembeda. 14-0-6 yang dia buat membuat RRQ mengambil game pertama.\r\n\r\nDi game kedua, EVOS bangkit. Permainan agresif diperlihatkan. Donkey menunjukkan kepiawaian memakai Grock dan menjadi inisiator yang sempurna. Bahkan dia tak terpick off sama sekali di game ini.\r\n\r\nChang&amp;#8217;e dari Wannn juga mencolok. Ia berhasil menjadi MVP dengan 9-1-9. EVOS memenangi game kedua dengan mudah.\r\n\r\nNamun, masalah bagi EVOS muncul di game ketiga dan keempat. RRQ mulai memperlihatkan kepintaran mereka dalam draft pick.\r\n\r\nMereka memakai Terizla sebagai counter dari Hellcurt yang dipakai Rekt di game ketiga. Rekt yang merupakan tulang punggung EVOS dalam menyerang dibuat mati kutu dan tak bisa apa-apa. Lemon memainkan Terizla dengan sempurna. RRQ menang di game ketiga dan unggul 2-1.\r\n\r\nPada game keempat, lagi dan lagi counter pick RRQ jadi kunci. Ketika EVOS memilih Lolita di pick awal dan Donkey memakai Chou, Vyn dari RRQ memakai Diggie.\r\n\r\nHero yang benar-benar membuat Chou maupun Lolita kesulitan melakukan inisiasi. RRQ kembali meraih poin di game keempat, kondisi jadi 3-1.\r\n\r\nMemasuki game kelima, EVOS tak mau menyerah begitu saja. Apalagi mereka mendapatkan dua hero yang cukup OP untuk Wannn dan Oura yakni Harith serta Masha.\r\n\r\nBenar saja, EVOS masih punya nyali untuk tampil agresif bahkan mendominasi game kelima. Harith dari Wannn tak bisa dihentikan dan begitu agresif. Ia menjadi MVP dengan 4-2-4. EVOS menang dan kedudukan menjadi 2-3.\r\n\r\nRRQ tampil sangat agresif di game keenam. Apalagi mereka berhasil mendapatkan meta-meta andalan macam Masha dan Granger. Sampai mid game, RRQ bnar-benar mendominasi.\r\n\r\nTapi EVOS membuktikan mental bajanya. Lewat permainan Oura yang begitu luar biasa memakai X-Borg, EVOS berhasil menghantam RRQ lewat war-war penting. Culikan Donkey yang menggunakan Kaja juga on-point. Pada game keenam, EVOS menang dan menyamakan kedudukan 3-3.\r\n\r\nDi game pamungkas ketujuh, EVOS secara mengejutkan bermain super cepat, super agresif. Wannn yang untuk pertama kalinya menggunakan Lunox di playoff mengambil tiga kill pertama dengan cepat dan membuatnya sangat kaya.\r\n\r\nBaxia dan Kaja yang dimainkan Luminaire juga Donkey dengan sempurna. Oura tampil apik dengan Masha dan Rekt apik mem-push turret dengan Kimmy.\r\n\r\nSampai akhirnya di menit ketujuh EVOS sudah memastikan kemenangan. Ya, sebelum lord pertama muncul. EVOS comeback dan mengawinkan gelar MPL dengan M1.', '2019-11-17', 'Redzi Arya Pratama', 50, 1, 1),
(2, 'Hasil Dortmund Vs Madrid 0-2, Los Blancos Juara Liga Champions 2024!', 'Real Madrid UCL 2024.jpg', 'Real Madrid menjadi juara Liga Champions 2023-2024 setelah mengalahkan Borussia Dortmund dengan skor 2-0.\r\n\r\nLaga Borussia Dortmund vs Real Madrid pada final Liga Champions berlangsung di Stadion Wembley, London, Inggris, Minggu (2/6/2024) dini hari WIB.\r\n\r\nLos Blancos, julukan Real Madrid, memastkan gelar Liga Champions musim ini berkat gol Dani Carvajal (74\') dan Vinicius Junior (83\').\r\n\r\nIni merupakan trofi Liga Champions ke-15 bagi Real Madrid, kian memantapkan posisi klub sebagai peraih gelar juara Liga Champions terbanyak.\r\n\r\nMadrid nyaris membuka keunggulan pada menit ke-12 saat umpan Dani Carvajal mengarah ke Federico Valverde. Namun, tendangan Valverde melayang di atas mistar.\r\n\r\nDua menit kemudian, giliran Julian Brandt yang mendapatkan peluang emas. Niclas Fullkrug menerima umpan Nico Schlotterbeck dan melewati bek Madrid, Antonio Ruidiger.\r\n\r\nFullkrug lalu memberikan bola ke Brandt yang berlari ke dalam kotak penalti. Pemain berusia 28 &amp;nbsp;tahun itu melepaskan tembakan, tetapi masih melebar.\r\n\r\nSerangan Die Borussen terus mengancam pertahanan Los Blancos. Karim Adeyemi lolos dari jebakan offside ketika menyambut umpan Mats Hummels.\r\n\r\nIa berhadapan dengan kiper Madrid, Thibaut Courtois, tetapi Dani Carvajal sukses menyapu bola dan menghasilkan sepak pojok untuk Dortmund pada menit ke-21.\r\n\r\nPeluang terbaik Dortmund tercipta pada menit ke-23 yang diawali umpan Ian Maatsen ke Fullkurg. Tendangan Fullkurg melewati Courtois, tetapi bola mengenai &amp;nbsp;tiang gawang.\r\n\r\nKesempatan lainnya untuk Dortmund hadir lima menit kemudian. Adeyemi melewati Carvajal dan masuk ke dalam kotak penalti.\r\n\r\nNamun, sepakan mendatarnya mampu diblok Courtois. Bola memantul dan disundul Fullkurg, tetapi tandukannya melenceng dari target.\r\n\r\nMarcel Sabitzer melepaskan tendangan dari luar kotak penalti pada menit ke-41 yang berhasil ditepis Courtois.&amp;nbsp;Babak pertama pun berakhir tanpa gol alias 0-0.\r\n\r\nMadrid mendapat peluang dari tendangan bebas Toni Kroos pada menit ke-49. Tendangannya melengkung dan menuju gawang, tetapi kiper Gregori Kobel berhasil menggagalkannya.\r\n\r\nGiliran Carvajal yang mengancam dengan tendangan setengah volinya usai menyambut sapuan bola Schlotterbeck. Namun, upaya Carvajal diblok Maatsen dan bola diamankan Kobel.', '2024-06-02', 'Farahdilla Puspa', 75, 2, 2),
(3, 'EVOS Icon juara WCG 2023, Sutsujin savage!', 'EVOS WCG.jpg', 'EVOS Icon berhasil mengharumkan nama Indonesia di ajang World Cyber Games 2023 di Busan, Korea Selatan (30/7).\n\nBertarung dalam ajang World Cyber Games 2023 (WCG), EVOS Icon bersaing dengan rekan satu negara mereka, ONIC Overlord bersama dengan ECHO MPL dan MDL.\n\nPerjuangan selama 2 hari berturut-turut akhirnya membuahkan hasil. Sang Macan angkat piala di Korea Selatan menandakan gelar Internasional pertama mereka.\n\nKemenangan ini juga menjadi lanjutan bagi Macan Muda setelah mereka menjadi juara MDL ID S7 beberapa bulan yang lalu.\n\nPerjalanan EVOS Icon di WCG 2023 tak selalu mulus. Memang lawan-lawan mereka tidaklah mudah untuk sekelas ONIC Overlord sekalipun.\n\nNamun, Sutsujin dkk berhasil menumbangkan rekan senegara mereka terlebih dahulu, ONIC untuk melaju ke babak berikutnya menghadapi ECHO Proud.\n\nMenghadapi ECHO Proud pada babak Upper Bracket Final, EVOS ICON mampu mencuri 1 poin sebagai bentuk perlawanan. Akan tetapi, Zaida dkk lebih unggul dan dengan berat hati Sutsujin dkk harus ikut merasakan Lower Bracket.\n\nDi Lower Bracket Final mereka kembali bertemu dengan ONIC Overlord yang secara mengejutkan mampu membungkam Karltzy dkk di match penentu sebelumnya.\n\nTampil penuh percaya diri, kembali ICON mampu berbicara banyak. ONIC Overlord takluk kedua kalinya di tangan Sang Macan Putih.\n\nMenghadapi ECHO Proud yang sudah menanti di final, anak asuhan Caleb tampil percaya diri dan mampu menyegel 2 game pertama.\n\nUnggul 2 poin dari Zaida dkk, The Young Orcas mampu mencuri 2 game lanjutan membuat permainan kian sengit memasuki game ke-5.\n\nPada game ke-5, Sutsujin membuka harapan besar EVOS ICON untuk menang dengan hero andalannya Martis. Savage tercipta, ECHO Proud dibuat porak poranda memastikan gelar juara di depan mata bagi Sang Macan.\n\nSebagai juara, EVOS Icon mendapatkan medali penghargaan serta hadiah uang tunai US$20 ribu kembali ke tanah air. Menambah prestasi internasional sang Macan Putih, Sutsujin dkk memberi harapan baru bagi kejayaan EVOS di scene kompetitif MLBB.', '2023-07-30', 'Cristian Wiranata Surbakti', 0, 1, 3),
(4, 'Gulung Blacklist dua kali! Timnas MLBB Indonesia juara IESF WEC 2022', 'Indonesia IESF.jpeg', 'Timnas MLBB Indonesia menjalani laga terakhirnya melawan Filipina untuk mempertaruhkan titel juara IESF WEC 2022.\r\n\r\nKedua tim pernah bertemu sebelumnya di putaran pertama upper bracket, dan sejak saat itu Filipina harus mengarungi turnamen melalui lower bracket.\r\n\r\nKini mereka kembali bertemu di pertarungan pamungkas untuk menentukan siapa yang terbaik di turnamen.\r\n\r\nTimnas MLBB Indoneisa langsung mengeluarkan hero andalan kapten Saykots, Yu Zhong di game pertama. Sedangkan Filipina mengandalkan Fredrinn jungle.\r\n\r\nAwalnya Filipin unggul secara objektif dengan mengamankan dua turtle, namun seiring berjalannya waktu, pasukan Indonesia mampu melakukan rotasi lebih baik.\r\n\r\nDilingdungi tiga hero tebal di garis depan, Branz bisa melancarkan serangan cukup mudah dengan Beatrix. Di menit ke-18, ia menutup pertandingan dengan KDA 8/0/6.\r\n\r\nSama seperti sebelumnya. early game kedua masih dikuasai Filipina, dan Indonesia merebut kendali pertarungan di tahap late game.\r\n\r\nIndonesia bahkan berkesempatan menjadi pemenang pertandingan setelah menghancurkan semua inhibittor turret lawan di menit ke-13, tapi Filipina berhasil bertahan dengan gemilang.\r\n\r\nTak hanya itu, Filipina juga berhasil mencuri Lord kedua meski dua penggawanya sedang menunggu respawn.\r\n\r\nIndonesia akhirnya mendapatkan kesempatan berharga di menit 26 setelah mereka memenangkan pertarungan team-fight yang menewaskan empat penggawa Filipina. Tak menyia-nyiakan kesempatan, Sarkots cs langsung menghajar base turret lawan.\r\n\r\nKemenangan ini semakin terasa berharga karena untuk pertama kalinya, ada tim yang mampu mengalahkan juara dunia \"Blacklist International\" dua kali dalam satu turnamen yang sama.', '2022-12-11', 'Alfa Rizki', 0, 1, 4),
(5, 'Profil dan biodata Mas Ade: Analis juara dunia, streamer papan atas', 'Ade Setiawan.jpg', 'Temukan profil dan biodata Mas Ade di sini.\r\n\r\nMantan analis EVOS Legends, Setiawan <b>\"Hyde O Brien\"</b> Ade kini menjadi salah satu bintang ternama di dunia streaming.\r\n\r\nSetiawan Ade atau yang akrab dipanggil <b>\"Mas Ade\"</b> tersebut aktif dalam streaming MLBB di MPL atau sekedar bermain seperti biasa. Selain streaming MLBB, Setiawan Ade juga senang bermain game casual yang lagi ramai.\r\n\r\nMenjadi pribadi yang lucu dan jenaka, Setiawan Ade menjadi nama favorit bagi penggemar MLBB di seluruh Indonesia. Selain orang mengenal dia karena sempat menjadi bagian dari EVOS Esports, Mas Ade dikenal karena sifatnya yang lucu.\r\n\r\nTerlebih, Setiawan Ade juga aktif memberi edukasi mengenai MLBB hingga memberi saran atau motivasi untuk pemain atau tim MPL dan lainnya.\r\n\r\nSebagai streamer papan atas, Setiawan Ade juga cenderung melakukan live streaming terkait kegiatan di luar gaming seperti bersosialisasi dan lainnya.\r\n\r\nMungkin banyak yang ingin mengetahui profil dan biodata Setiawan Ade sebagai analis juara dunia dan streamer papan atas.\r\n\r\nJangan khawatir, temukan semua informasi di sini.\r\n\r\n<b>Profil dan biodata Mas Ade</b>\r\n<ul>\r\n<li><b>IGN:</b> Hyde O’Brien</li>\r\n<li><b>Tanggal Lahir:</b> 15 Mei 1996</li>\r\n<li><b>Kewarganegaraan:</b> Indonesia</li>\r\n<li><b>Role:</b> Pelatih</li>\r\n<li><b>Instagram:</b> <a href=\"instagram.com/set1awanade\">set1awanade</a></li>\r\n<li><b>TikTok:</b> <a href=\"tiktok.com/@set1awanade\">set1awanade</a></li>\r\n<li><b>Youtube:</b> <a href=\"youtube.com/@set1awanade\">set1awanade</a></li>\r\n</ul>\r\n<b>Profil dan biodata Mas Ade - TRIVIA</b>\r\n1. MENJADI BAGIAN DARI STAF PELATIH EVOS LEGENDS\r\n\r\nMungkin tidak banyak yang tahu seperti apa awal karier Setiawan Ade atau Mas Ade sebagai pelatih EVOS Legends.\r\n\r\nMas Ade memulai karier sebagai analis sejak MPL ID Season 3, bersama Bjorn <b>\"Zeys\"</b> Ong menggantikan Gemik. Gagal di Season 3, Mas Ade akhirnya bersama EVOS Legends juara di MPL ID Season 4 membawa sang Macan ke M1 World Championship.\r\n\r\nTidak hanya lolos ke kejuaraan dunia pertama MLBB di tahun 2019, Mas Ade bersama EVOS Legends pun menjadi juara dunia MLBB pertama di M1. Kemenangan ini sangat berarti bagi Indonesia membawa scene kompetitif MLBB menuju masa jaya.\r\n\r\nMas Ade pun masih menjadi bagian dari EVOS Legends. Berjuang beberapa musim, EVOS Legends juara MPL ID Season 7, membawa sang Macan mengklaim gelar keduanya di scene kompetitif.\r\n\r\nAkhir perjalanan karier mas Ade bersama EVOS Legends pun berakhir di MPL ID Season 8. Kemudian, dia beralih ke tim MLBB Wanita EVOS Lynx.\r\n\r\nSetelah beberapa waktu rehat, Mas Ade pun secara resmi dilepas oleh EVOS Esports.\r\n\r\n2. MENJADI PELATIH EVOS LYNX\r\n\r\nSetelah tak lagi bersama EVOS Legends, Mas Ade menjadi pelatih EVOS Lynx berhasil raih prestasi gemilang bersama Pica dkk.\r\n\r\nSalah satu prestasi besar Mas Ade bersama EVOS Lynx adalah membawa gelar juara WSL Season 1 tahun 2020.\r\n\r\nSelain WSL, EVOS Lynx juga menjadi juara turnamen lain seperti Dignity of Srikandi. Setelah hampir 3 musim bersama EVOS Lynx, Mas Ade pamit.\r\n\r\n3. SUKSES SEBAGAI STREAMER, PUNYA PERSONA LUCU DAN KRITIS\r\n\r\nRehat dari scene kompetitif, Mas Ade kemudian beralih menjadi streamer.\r\n\r\nNamun, sebagai streamer ia tidak hanya bermain MLBB saja. Mas Ade juga senang bermain game casual  yang sedang populer.\r\n\r\nTerkadang ia bermain dengan sendiri, atau mengajak teman seperti DeanKT, Mada Rahadian atau streamer lainnya atau bersama sang kekasih.\r\n\r\nMas Ade kerap memperlihatkan berbagai keunikan saat streaming. Terlebih saat menonton MPL, tidak jarang ia memberi kritik terhadap pemain atau tim yang kurang baik. Namun, ia juga senang melakukan prediksi draft hero.\r\n\r\nBiasanya, Mas Ade juga tak canggung untuk streaming bareng petinggi tim. Misalnya CEO RRQ, Pak AP beberapa kali ia ajak untuk kolaborasi.\r\n\r\nSaat ini, mas Ade diketahui menjadi salah satu streamer gaming yang cukup sukses. Ke depannya siapa tahu dia bisa bersaing di level top tier dunia.', '2024-09-03', 'Cristian Wiranata Surbakti', 0, 1, 5),
(6, 'Team Spirit juara TI12, samai rekor OG!', 'Team Spirit TI12.jpg', 'Team Spirit resmi menjadi juara TI12 (The International 2023) setelah mengalahkan Gaimin Gladiators di laga puncak dengan skor telak 3-0.\n\nSejak awal musim, Gaimin Gladiators digadang-gadang akan menjadi juara TI12 berkat performa apiknya di putaran DPC 2023.\n\nDari tiga Major yang digelar, mereka mampu meraih semua trofi tanpa terkecuali. Tentu tak mengherankan jika Quinn cs dijagokan menjadi juara dunia tahun ini.\n\nDi sisi lain, Team Spirit justru tak mampu berbicara banyak di turnamen DPC skala internasional. Pencapaian terbaik mereka hanya bertengger di posisi kedelapan pada Lima Major.\n\nMomentum positif justru baru mereka dapatkan setelah DPC 2023 usai. Dua turnamen yang digelar sebelum TI12, DreamLeague S21 dan Riyadh Masters 2023, mampu mereka kuasai dengan sempurna.\n\nTrend itu berlanjut ke TI12 di mana mereka mencatatkan rekor tak terkalahkan sejak fase grup hingga grand final.\n\nKemenangan ini membuat Team Spirit menjadi tim kedua dengan koleksi dua trofi The International, menyamai rekor OG yang mencatatkan rekor tersebut setelah menjadi back-to-back champion di tahun 2018 dan 2019.\n\nDua tahun lalu, Team Spirit berhasil menjadi juara dunia kala mampu menumbangkan PSG.LGD di Bucharest, Rumania. Itu merupakan The International dengan total prize pool terbesar, mencapai US$40.018.195.\n\nTeam Spirit juga mampu mendapatkan gelar keduanya ini dengan skuad yang nyaris sama, hanya midlaner mereka saja yang berganti. Jika sebelumnya mereka berjaya bersama TORONTOTOKYO, di tahun ini giliran Larl yang mengangkat Aegis of The Champion.\n\nKemenangan Team Spirit di turnamen ini begitu dominan, terhitung hanya tiga tim saja yang bisa mencuri satu poin dari mereka di sepanjang jalannya turnamen, yakni Virtus.pro, Team Liquid, dan Gaimin Gladiators. Menimbang hal tersebut, rasanya tak ada satu pun yang bisa menyangkal status tim terbaik dunia yang mereka dapatkan di tahun ini.\n\nTahun depan, persaingan Dota 2 tidak akan lagi menerapkan sistem DPC. Sistem yang lahir pada tahun 2017 itu resmi dinyatakan tidak akan digunakan di tahun depan sejak September lalu.\n\nSeperti apa sistem kompetisi Dota 2 di tahun 2024? Mari kita simak perkembangannya.', '2023-10-30', 'Alfa Rizki', 0, 1, 6),
(7, 'Vampire Esports juara PMSL SEA Fall 2024', 'Vampire PMSL SEA 2024.jpg', 'Congratulations, Vampire Esports juara PMSL SEA Fall 2024!\n\nVampire Esports berhasil merengkuh gelar juara PMSL SEA Fall 2024 di Surabaya, Indonesia (8/9) setelah perjalanan panjang selama 3 hari Grand Final.\n\nMenjadi salah satu unggulan, Vampire Esports memang sudah beberapa kali hampir meraih gelar juara PMSL SEA. Sayangnya, performa tim Indonesia dalam beberapa musim atau seri turnamen mampu hempaskan harapan TonyK dkk.\n\nKeberhasilan Alter Ego Ares dan BOOM Esports merengkuh gelar juara PMSL SEA membuat skuad Vampire Esports terinspirasi juara.\n\nAkhirnya, Vampire Esports juara PMSL SEA Fall 2024 mengamankan tiket ke PMGC 2024 akhir tahun mendatang.\n\nPerjalanan Vampire Esports di Grand Final PMSL SEA Fall 2024 bisa dibilang cukup mulus. Menjadi nomor satu di babak Group, TonyK dkk dapat keuntungan besar.\n\nMemiliki Headstart Point yang besar menjadi salah satu pendorong performa yang besar untuk Vampire Esports di babak Grand Final.\n\nBelum mencolok di hari pertama Grand Final, bukan hambatan bagi Vampire. Berbagai tim pesaing dari Indonesia, Vietnam berhasil mencuri sorotan.\n\nPada hari kedua, Vampire Esports menggila dengan meraih 2 WWCD pembuka. Konsistensi yang dibawa oleh Vampire mendongkrak mereka ke puncak.\n\nMemasuki Grand Final di hari ketiga, Vampire hanya perlu menjaga performa mereka untuk tampil tanpa tekanan.\n\nPersaingan di Grand Final hari ketiga cukup sengit. Vampire beradu poin dengan tim-tim mulai dari DX, FaZe Clan, Team ROY sampai Alliance.\n\nAkhirnya, keunggulan TonyK di Grand Final hari ketiga sudah tidak dapat disaingi tim lainnya. Vampire Esports pun menjadi juara PMSL SEA Fall 2024.\n\nVampire Esports juara PMSL SEA Fall 2024, membawa hadiah trofi juara dan uang tunai sebesar US$35 ribu serta tiket ke PMGC 2024.', '2024-09-08', 'Cristian Wiranata Surbakti', 0, 1, 7),
(8, 'RESMI! Kolaborasi Free Fire x Blue Lock segera hadir', 'FF x Blue Lock.jpg', 'Kolaborasi Free Fire x Blue Lock? Wow!\n\nKabar mengejutkan datang dari Garena Indonesia di mana mereka meresmikan kolaborasi anyar Free Fire dengan seri anime Blue Lock.\n\nSeperti yang kita tahu, Blue Lock adalah salah satu seri anime yang sangat populer saat ini. Mengangkat kisah Yoichi Isagi dan teman-temannya dalam perjalanan menjadi atlet sepak bola ternama. Seri anime Blue Lock juga terkenal di seantero dunia.\n\nHal itu tentu membuat kolaborasi Free Fire x Blue Lock akan sangat menarik. Sebelumnya, Free Fire pun pernah berkolaborasi dengan Cristiano Ronaldo.\n\nSeperti apa detail dari kolaborasi Free Fire x Blue Lock? Mari kita bahas.\n\nInformasi mengenai kehadiran kolaborasi Free Fire x Blue Lock diumumkan melalui akun Instagram Garena pada Rabu (4/9).\n\nPada postingan tersebut, terlihat bahwa kolaborasi Free Fire x Blue Lock akan hadir di akhir tahun 2024 di bulan November mendatang.\n\n&amp;#8220;Kolaborasi yang menggemparkan sudah di depan mata! Kami sangat gembira mengumumkan kerja sama kami dengan IP anime yang sangat populer, BLUE LOCK! Tandai kalender anda dan nantikan informasi terbaru lainnya,&amp;#8221;\n\n&amp;#8220;Sampai jumpa di bulan November!,&amp;#8221; tulis Garena.\n\nMenarik untuk dinantikan bahwa Kolaborasi Free Fire x Blue Lock akan menjadi penutup manis di tahun 2024 bagi para survivors.\n\nJadi, bagaimana? Apakah kalian siap menyambut Yoichi Isagi di Bermuda?', '2024-09-04', 'Cristian Wiranata Surbakti', 0, 1, 8),
(9, 'Bigetron Delta juara FFWS ID Fall 2024', 'Bigetron FFWS Fall 2024.jpg', 'Congratulations, Bigetron Delta juara FFWS ID Fall 2024!\n\nSejarah baru terukir di mana Bigetron Delta juara FFWS ID Fall 2024. Perjuangan sang Robot Merah tidak berbuah kekecewaan di musim Fall kali ini.\n\nLangkah Bigetron Delta di FFWS ID Fall 2024 mungkin cukup berat. Beban moril sebagai tim yang gagal pada musim Spring 2024, menjadi sebuah teror.\n\nNamun, keyakinan dari sang pelatih Christian &amp;#8220;Chrisjo&amp;#8221; Jonathan untuk bangkit bersama The Deltas jadi sebuah awal yang baru bagi skuad Robot Merah.\n\nPerjuangan Knockout Stage selama 3 minggu  ditambah dengan babak Point Rush membuat The Deltas kian mantap menghadapi Grand Final.\n\nAkhirnya, dengan keyakinan serta kemampuan mereka, Bigetron Delta juara FFWS ID Fall 2024 menjadi bukti bahwa mereka berhasil membalikkan kegagalan menjadi sebuah kemenangan yang akan mereka kenang sepanjang masa.\n\nPerforma Bigetron Delta di Grand Final FFWS ID Fall 2024 sungguh luar biasa. Sejak game pertama, pada map Bermuda mereka mengamankan top 3.\n\nKonsistensi dalam mencari poin placement dan mencari kill sebanyak mungkin menjadi objek utama The Deltas untuk merebut gelar juara FFWS ID Fall 2024.\n\nSetiap game, dimaksimalkan oleh Kojaa dkk meskipun mereka harus bersaing dengan tim-tim yang tak kalah maksimal seperti MBR Epsilon, Genesis Dogma, Kagendra dan Vesakha. Persaingan di Grand FInal musim ini sangat sengit.\n\nBigetron Delta mendapatkan BOOYAH di game ke-5, Nexterra menjamin peluang juara bagi mereka di musim ini sangat besar.\n\nPada game ke-6, Kalahari The Deltas sempat tersengal. Riuh persaingan kian membara di antara para peserta.\n\nGenesis Dogma memperbesar peluang untuk menikung Bigetron Delta di akhir. Namun, takdir untuk menjadi juara tidak berubah.\n\nBigetron Delta juara FFWS ID Fall 2024 dengan perolehan 115 poin. Genesis Dogma di posisi kedua dengan 104 poin dan Vesakha Esports di posisi ketiga dengan 92 poin. Melengkapi kemenangan di musim ini, BTR Kyongg meraih gelar MVP.', '2024-07-28', 'Cristian Wiranata Surbakti', 0, 1, 9),
(10, 'FFWS ID Fall 2024 sukses raih rekor MURI', 'FFWS Fall 2024.jpg', 'Kompetisi FFWS ID Fall 2024 pecahkan rekor baru!\n\nKompetisi FFWS ID Fall 2024 (Free Fire World Series: Indonesia Fall) menjadi salah satu kompetisi Free Fire paling bergengsi di Indonesia saat ini.\n\nMelibatkan tim-tim Free Fire terbaik dari seluruh Indonesia, kompetisi ini terbuka untuk semua kalangan tanpa pandang bulu. Semua pemain/tim yang memiliki kemampuan diperkenankan untuk turut serta di dalam kompetisi ini.\n\nBersaing menjadi yang terbaik adalah misi utama menjadi jawara baru di scene kompetitif Free Fire di Indonesia. Tim yang berhasil juara berhak untuk mendapatkan trofi, hadiah uang tunai dan tiket menuju kompetisi FFWS SEA Fall 2024.\n\nTerbuka lebar dan bisa diikuti oleh semua kalangan pemain Free Fire di Indonesia, FFWS ID Fall berhasil mencetak rekor baru dari Museum Rekor Indonesia (MURI).\n\nSeperti apa? Mari kita bahas.\n\nKompetisi FFWS ID Fall 2024 terdiri atas beberapa jalur kualifikasi mulai dari Free Fire Nusantara Series atau FFNS dan turnamen lainnya.\n\nTentu, dengan adanya berbagai jalur kualifikasi di dalam FFWS ID Fall 2024 membuka peluang ribuan bahkan ratusan ribu tim untuk berpartisipasi.\n\nPada pembukaan Grand Final, Garena Indonesia sukses raih rekor MURI dengan total peserta mencapai lebih dari 290 ribu tim.\n\nPenyerahan piagam penghargaan pun diterima oleh Christiandy Fransiscus selaku Game Producer Garena Free Fire Indonesia.\n\nKe depannya, tentu tren positif ini akan dijaga oleh Garena Indonesia dengan turnamen yang inklusif dan merangkul seluruh komunitas dan pemain.', '2024-07-28', 'Cristian Wiranata Surbakti', 0, 1, 10),
(11, 'Kagendra merajalela, 3 tim ini bisa hentikan si Raja BOOYAH', 'Kagendra FFWS.jpg', 'Langkah Kagendra di FFWS ID Fall 2024 tak terhentikan!\n\nGelaran FFWS ID Fall 2024 (Free Fire World Series Indonesia &amp;#8211; Fall 2024) minggu kedua telah berakhir di hari Minggu (14/7).\n\nTotal 18 tim Free Fire terbaik dari seluruh Indonesia hanya punya satu pekan lagi untuk bertarung di babak Knockout Stage FFWS ID Fall 2024. Karena di akhir minggu ke-3, akan ditentukan siapa 12 tim terbaik yang lolos ke babak Point Rush dan Grand Final.\n\nSejauh ini, Kagendra berhasil memimpin klasemen dengan total 447 poin. Kagendra berhasil meraih total 10 kali BOOYAH dengan 193 poin placement dan 254 poin elim.\n\nSkuad asuhan pelatih ternama Arif &amp;#8220;AK&amp;#8221; Kurniawan tersebut memang mengesankan. Terlebih, sebagai IGL atau kapten tim ada DarkoL dan Azriel sebagai 2nd caller dalam tim membuat kekuatan Kagendra tidak terbendung.\n\nSiapa yang akan menghentikan langkah Kagendra? Akankah Kagendra menjadi sosok tim penguasa tidak tersentuh di FFWS ID Fall 2024?\n\n1. BIGETRON DELTA\n\nPada urutan pertama, ada Bigetron Delta sebagai salah satu tim yang bisa menandingi Kagendra. Dalam klasemen sementara, Bigetron Delta menempati urutan kedua dengan total 394 poin hanya selisih jarak sekitar 53 poin saja.\n\nBerdasarkan komposisi pemain, Bigetron Delta memiliki kesamaan dengan Kagendra. The Deltas punya Kojaa sebagai IGL, dan Dhikz sebagai 2nd caller.\n\nSementara untuk rusher, Bigetron Delta punya kekuatan besar di tangan duo berbahaya Ikal dan Keongg sebagai fragger.\n\nIkal merupakan mantan rekan dari DarkoL ketika membela Thorrad di FFML Season 8. Tentu Ikal paham seperti apa cara bermain DarkoL membuat Bigetron Delta bisa terus membayangi langkah dari Kagendra sebelum akhirnya melumpuhkan mereka.\n\nSiasat cermat dari Chrisjo sebagai pelatih juga kian matang memasuki week 2. Entah strategi seperti apa yang belum dikeluarkan The Deltas, namun pastinya sebagai pelatih yang pernah menjadi juara, Chrisjo paham harus melakukan apa.\n\n2. MBR EPSILON\n\nBerikutnya ada MBR Epsilon yang saat ini berada di posisi ketiga dengan total 385 poin. Skuad baru The Mighty Beast di bawah asuhan dua pelatih ternama Muhammad &amp;#8220;ManggisKun&amp;#8221; Darmawan dan juga Alan &amp;#8220;Fluent&amp;#8221; Wicaksono menjadi Kuda Hitam di FFWS ID Fall 2024.\n\nBintang-bintang muda MBR Epsilon tidak dapat dipandang sebelah mata. Ada berbagai nama penting di dalam tim seperti Hydanz, Bestoo, Lozzy, Rehanz dan Thanos.\n\nDengan kekuatan mekanik serta pengalaman bermain para bintang muda di scene kompetitif membuat MBR Epsilon semakin berkembang di musim ini.\n\nTentunya racikan strategi ManggisKun dan Fluent membuat tim semakin kuat. Menjadikan MBR sebagai sosok &amp;#8216;ancaman senyap&amp;#8217; bagi Kagendra.\n\n3. VESAKHA ESPORTS\n\nTerakhir, ada Vesakha Esports yang saat ini menempati peringkat ke-4 klasemen sementara dengan total 364 poin.\n\nTim yang berada di bawah asuhan pelatih Yudha &amp;#8220;JimmyJV&amp;#8221; Firdianto tersebut benar-benar tampil cukup impresif khususnya di week 2. Di bawah komando UwaayD sebagai IGL, bintang-bintang seperti Daviddz, Joel, Hanz dan VolldK sangat berbahaya.\n\nBahkan, Vesakha berhasil mengumpulkan total hingga 30 kill di dalam 1 match memecahkan rekor dalam FFWS ID Fall 2024 sebagai tim dengan poin eliminasi terbanyak.\n\nTentunya, membawa misi untuk membalaskan kekalahan mereka di musim lalu lineup baru Vesakha tidak dapat diremehkan.\n\nSebagai salah satu kekuatan besar, Kagendra harap waspada dengan gempuran dari pasukan Vesakha di bawah asuhan coach JimmyJV dan komando UwaayD sebagai IGL.', '2024-07-15', 'Cristian Wiranata Surbakti', 0, 1, 11),
(12, 'RESMI! Indonesia tuan rumah FFWS SEA Fall 2024', 'Indonesia FFWS SEA FALL 2024.jpg', 'FFWS SEA Fall 2024 segera hadir di Indonesia!\n\nBerakhirnya event Free Fire Esports World Cup (FF:EWC) pada Minggu (14/7) menjadi tanda bahwa scene kompetitif Free Fire akan memasuki musim baru.\n\nMusim kompetisi Fall telah bergulir dari beberapa waktu yang lalu. Khususnya di Indonesia, FFWS ID Fall 2024 telah berjalan sejak awal bulan Juli 2024.\n\nBerbicara tentang musim baru, selain kompetisi lokal akan ada kompetisi regional seperti musim Spring kemarin.\n\nFFWS SEA Spring 2024 yang lalu digelar di Ho Chi Minh City, Vietnam. Team Falcons asal Thailand sukses menjadi juara dalam kompetisi tersebut.\n\nLalu, seperti apa FFWS SEA Fall 2024 nantinya? Mari kita bahas.\n\nKemenangan Team Falcons di Free Fire Esports World Cup 2024 menggagalkan harapan Indonesia lewat EVOS Divine untuk menjadi juara dunia.\n\nPertarungan kedua tim di game terakhir menjadi salah satu momen pertarungan berdarah dan berhasil dimenangkan oleh Team Falcons, membawa mereka menjadi juara setelah sebelumnya EVOS unggul di beberapa game sepanjang babak grand Final.\n\nKompetisi FFWS SEA Fall 2024 akan menjadi momen bagi tim Indonesia untuk membalas kekalahan di Free Fire Esports World Cup karena turnamen ini hadir di Indonesia.\n\nFFWS SEA Fall 2024 akan hadir dengan format online untuk babak Knockout Stage yang dimulai tanggal 16 Agustus 2024 mendatang.\n\nSementara untuk babak Point Rush dan Grand Final akan digelar pada tanggal 11-13 Oktober 2024 di Surabaya, Indonesia.\n\nStatus sebagai tuan rumah tentunya akan menjadi buff bagi tim Indonesia untuk melucuti mahkota raja Free Fire SEA dari Team Falcons.\n\nGrand Final FFWS SEA Fall 2024 di Surabaya, Jawa Timur akan menjadi kali pertama Indonesia kembali menggelar turnamen esports Free Fire berskala Internasional.\n\nTerakhir kali, Indonesia menjadi tuan rumah turnamen esports Internasional Free Fire tahun 2019 lewat Free Fire Asia Invitational 2019.\n\nDengan semangat berkobar dalam tagline &amp;#8220;Fight For Legacy&amp;#8220;, setiap tim akan berusaha merengkuh gelar juara sebagai &amp;#8216;legacy&amp;#8217; mereka di scene esports Free Fire.', '2024-07-16', 'Cristian Wiranata Surbakti', 0, 1, 12),
(13, 'Tanggal rilis EA FC 25, pre order, dan platform yang tersedia', 'EA FC 25.jpg', 'Jelang dimulainya musim kompetisi sepak bola yang baru, penggemar selalu menantikan hadirnya versi terbaru dari game kesayangannya, termasuk tanggal rilis EA FC 25. Selain bisa berharap mendapat penyesuaian kemampuan pemain terbaru, gameplay dan pengalaman bermain lebih baik menjadi salah satu yang paling dinantikan.\n\nSebagai salah satu game sepak bola paling populer, tanggal rilis EA FC 25 dipercaya menjadi yang paling dinantikan oleh seluruh penggemar di seluruh dunia. Selain gameplay dan mode permainan yang menyenangkan, faktor lisensi menjadi keunggulan utama game ini lebih dari 20 tahun terakhir.\n\nEA Sports sebagai developer game telah mengungkapkan kapan tanggal rilis EA FC 25. Versi asli dari game ini sudah bisa dinikmati oleh penggemar pada 27 September 2024.\n\nMeski demikian, bagi beberapa penggemar beruntung atau terdaftar dari EA Sports, mereka sudah bisa mencicipi game ini melalui early access pada 20 September 2024 atau sepekan sebelum game ini resmi dirilis secara global.\n\nKetika dirilis nanti, game ini juga memiliki beberapa versi untuk dipilih para pemain. Bagi mereka yang sudah memiliki keinginan bulat untuk memiliki EA FC 25 bisa membeli game ini, baik untuk versi Stardard Edition atau Ultimate Edition. Namun bagi mereka yang masih ingin mencoba, ada opsi EA Play Trial dan EA Play Pro yang bisa digunakan.\n\nDengan membeli Ultimate Edition, tentu saja lebih mahal tetapi ada banyak benefit yang bisa didapat ketika game ini dirilis. Benefit tersebut berupa untradeable Ultimate Team Hero player item, tujuh hari mencicipi early access, 4600 FC Points (3850 FC Points untuk Nintendo Switch), player evolution slot, dan early access rush rewards.\n\nTerakhir, EA FC 25 ini juga tersedia di berbagai platform bermain kesayangan kalian, yaitu PlayStation 5, PlayStation 4, Xbox Series X|S, Xbox One, Nintendo Switch, dan PC.', '2024-08-05', 'Verdi Hendrawan', 0, 1, 13),
(14, 'Tuan rumah Valorant Masters 2025 ditetapkan, Riot Games pilih 2 kota baru!', 'Valorant Masters 2025.jpg', 'Riot Games telah memilih tuan rumah Valorant Masters 2025!\n\nKabar mengejutkan datang dari Riot Games di mana mereka telah mengumumkan skema turnamen di tahun 2025 untuk Valorant Champions Tour (VCT).\n\nSeperti yang kita ketahui, Valorant Champions Tour (VCT) terdiri atas berbagai event mulai dari Kickoff, Masters, International League di 4 region utama dan Champions.\n\nRiot Games membawa perubahan besar untuk Valorant Masters 2025 di mana mereka akan membawa dua lokasi baru sebagai tuan rumah.\n\nPada tahun 2024, Valorant Masters digelar di Madrid, Spanyol dan Shanghai, Cina. Kedua event berjalan dengan meriah.\n\nKe mana Valorant Masters 2025 akan berlabuh? Mari kita bahas.\n\nPada Rabu, (21/8) Riot Games diwakilkan oleh Leo Faria sebagai Global Head of Valorant Esports dan Anna Donlon sebagai Valorant Studio Lead membawakan berbagai informasi terkait event esports di VCT 2024 dan VCT 2025.\n\nUntuk VCT 2025, Anna menyatakan bahwa Riot Games akan menghadirkan event berskala global Masters dan Champions ke tiga lokasi yang berbeda.\n\n&amp;#8220;Sekarang, mari kita lihat ada apa di tahun 2025. Dengan bangga, kami membawa event berskala global kami ke tiga lokasi yang berbeda tahun depan!&amp;#8221; ucap Anna.\n\nAnna menambahkan, tuan rumah Valorant Masters yang pertama di tahun 2025 adalah Asia Tenggara di mana Bangkok terpilih menjadi destinasi.\n\n&amp;#8220;Untuk Valorant Masters pertama di tahun 2025, digelar bulan Februari akan hadir di Asia Tenggara di Bangkok!,&amp;#8221; tuturnya.\n\nSelain itu, Anna juga menambahkan bahwa untuk Valorant Masters yang kedua pada tahun 2025 akan hadir di Toronto, Kanada.\n\n&amp;#8220;Dari sana, kami akan membawa VCT ke pesisir timur Amerika Utara kali ini dengan Valorant Masters Toronto di bulan Juni,&amp;#8221; tambah dia.\n\nMenarik untuk disaksikan seperti apa nantinya Valorant Masters 2025 digelar di Bangkok dan Toronto sebagai tuan rumah.\n\nSebagai catatan, sebelumnya gelaran VCT Ascension Pacific 2023 juga digelar di Bangkok, Thailand di mana Bleed Esports keluar sebagai juara.\n\nAnimo para penggemar scene kompetitif Valorant yang begitu luar biasa menjadi faktor pendorong pemilihan tuan rumah Masters.', '2024-08-21', 'Cristian Wiranata Surbakti', 0, 1, 14),
(15, ' RRQ lolos ke playoff KC 2024 Indonesia Qualifier, ada andil BTR', 'RRQ KC 2024.jpg', 'Setelah berada di posisi yang tidak aman di sepanjang fase grup, Team RRQ lolos ke playoff KC 2024 Indonesia Qualifier setelah memastikan kemenangan di match terakhir Grup A pada hari kedua week 3, Sabtu (7/9). Sang Raja berhak melaju ke fase berikutnya usai mampu menundukkan Team Heian dengan skor 2-0.\n\nMenghadapi Team Heian sebagai salah satu tim komunitas di yang lolos di KC 2024 Indonesia Qualifier ini, Team RRQ tampil ganas. Mereka mampu mendominasi permainan di dua game yang ada, meski tim lawan bukan tampil tanpa perlawanan di match ini.\n\nPada game pertama, Team Heian mampu memberikan perlawanan kepada RRQ, meski hanya terlihat dari skor kill yang ada. Namun secara keseluruhan, Nightmare dkk tampil lebih baik dan memiliki peluang lebih besar untuk meraih kemenangan yang baru terjadi di menit ke-13.\n\nSementara di game kedua, situasinya berubah drastis. Kali ini Team RRQ tampil sangat mendominasi permainan sejak awal dan membuat Team Heian tidak bisa berbuat banyak untuk memberikan perlawanan. Bahkan game kedua ini sudah harus berakhir sebelum permainan genap berlangsung selama 10 menit.\n\nHasil ini membuat RRQ lolos ke playoff KC 2024 Indonesia Qualifier setelah berhasil naik satu peringkat ke posisi 4 klasemen akhir menyalip Voin Esports, meski kedua tim sama-sama memiliki rekor dua kemenangan dan tiga kekalahan. Namun Sang Raja layak berada di posisi yang lebih tinggi karena unggul secara game point 6-6 berbanding 4-7.\n\nKepastian ini pun membuat RRQ lolos ke playoff KC 2024 Indonesia Qualifier setelah sebelumnya selalu berada di zona merah Grup A. Namun di playoff, Nightmare dkk akan memulai perjalanan mereka dari lower bracket karena gagal finis di posisi dua besar klasemen akhir.\n\nKeberhasilan Team RRQ lolos ke playoff KC 2024 Indonesia Qualifier ini memang didapat setelah mereka mampu meraih kemenangan atas Team Heian. Namun di sisi lain, ada kontribusi dari Bigetron Sigma juga yang memuluskan langkah Sang Raja dalam hal ini.\n\nSebelum match Team RRQ vs Team Heian berlangsung, ada pertandingan menantukan lainnya antara Bigetron Sigma vs Voin Esports. Di pertandingan ini, Robot Merah berhasil meraih kemenangan dengan skor 2-0 untuk memastikan diri sebagai juara Grup A dari kejaran Talon Esports ID dan Mahadewa.\n\nHasil ini secara tidak langsung membuka lebar peluang Team RRQ lolos ke playoff KC 2024 Indonesia Qualifier. Pasalnya, kemenangan dengan skor berapa pun atas Heian akan mengantarkan Sang Raja untuk naik satu peringkat dan melaju ke fase berikutnya.\n\nCalon lawan Team RRQ di playoff KC 2024 Indonesia Qualifier pun masih belum diketahui karena masih harus menunggu hasil yang terjadi di hari ketiga week 3, Minggu (8/9). Sang Raja akan berhadapan dengan salah satu dari Alter Ego Enma atau Bluerim Esports yang masih berpeluang finis di peringkat ketiga klasemen akhir Grup B, mengingat posisi terbaik yang bisa didapat ONIC Esports adalah peringkat keempat.', '2024-09-07', 'Verdi Hendrawan', 0, 1, 15),
(16, ' BOOM lolos ke final PMSL SEA Fall 2024, putus kutukan The Beasts!', 'Boom PMSL SEA FALL 2024.jpg', 'Congratulations, BOOM lolos ke final PMSL SEA Fall 2024!\n\nGelaran PMSL SEA Fall 2024 telah memasuki akhir babak penyisihan di mana 16 tim terbaik telah meraih tiket menuju babak Grand Final.\n\nPersaingan di PMSL SEA Fall 2024 sangat menarik. Berbagai tim berhasil bangkit dan unjuk gigi mereka layak untuk menjadi juara di musim ini. Bahkan, sebagai juara bertahan back-to-back champion di tahun 2024, BOOM Esports sempat kesulitan.\n\nBermain di Indonesia, menjadi sebuah tantangan besar bagi tim-tim terbaik Tanah Air untuk menjaga dan mempertahankan tag #domINASEAsempurna.\n\nSalah satunya adalah BOOM Esports. Tidak lolos Super Sunday di week 2 memberi sebuah tekanan besar bagi The Beasts.\n\nPada week 3, misi untuk mengukir keajaiban itu tiba. Bersaing dengan tim-tim terbaik seperti Vampire, AE, dan Geek Fam, BOOM Esports hampir lolos ke Super Sunday.\n\nPerolehan 1 WWCD berhasil mengamankan posisi BOOM di Last Chance Stage. Meraih 2 WWCD di Last chance, BOOM lolos ke Super Sunday.\n\nSuper Sunday week 3 menjadi sebuah pengadilan bagi seluruh peserta. Apalagi beberapa tim Indonesia masih terancam tidak lolos ke Final.\n\nBerbeda dengan babak Group dan Last Chance, tim-tim Indonesia belum terlalu mencolok di awal Super Sunday week 3.\n\nGeek Fam berhasil mendapatkan WWCD di map pertama, Sanhok. Diikuti oleh Alliance di map kedua dan Geek Fam kembali mendapatkan WWCD di map ketiga.\n\nPada map keempat, giliran FaZe Clan asal Thailand mendapatkan WWCD kemudian diikuti oleh rekan tim senegara mereka, Vampire Esports di map kelima, Miramar.\n\nMenutup Super Sunday week 3, tim asal Vietnam Team ROY berhasil mendapatkan WWCD dan berhasil lolos ke Final untuk pertama kalinya.\n\nDengan hasil tersebut, beberapa tim asal Indonesia berhasil mengamankan tiket menuju final termasuk BOOM lolos ke final PMSL SEA Fall 2024.\n\nDari tabel di atas terlihat bahwa meski Team Pandum memiliki kesamaan poin dengan VOIN Donkey akan tetapi, Team Pandum tidak lolos karena jumlah WWCD.\n\nDengan BOOM lolos ke Final PMSL SEA Fall 2024, maka hanya Team Pandum saja 1 dari 8 tim Indonesia yang tidak akan berlaga di Grand Final.\n\nSemoga total 7 tim Indonesia yang akan berlaga di Grand Final bisa menjaga tradisi juara Indonesia di PMSL SEA.', '2024-09-03', 'Cristian Wiranata Surbakti', 0, 1, 16),
(17, 'Ronaldo Gacor Bareng Portugal, Bukti Main di Arab Tetap Kompetitif    ', 'Ronaldo.jpeg', 'Cristiano Ronaldo sukses mencetak gol dalam dua laga beruntun bersama Timnas Portugal. Hal itu menegaskan bahwa kualitasnya tak menurun meski tak lagi bermain di Eropa.\n\nRonaldo mencetak gol ke-900 dalam kariernya saat membantu Portugal mengalahkan Kroasia 2-1 di laga pertama UEFA Nations League 2024/25 pekan lalu. Tak berhenti di situ, ia kembali mencatatkan namanya di papan skor saat bertemu Skotlandia di laga kedua.\n\nDua gol tersebut seolah menjadi bukti bahwa bomber 39 tahun itu belum habis. Sebelumnya ia dihujat usai gagal mencetak gol sama sekali di Euro 2024.\n\nLebih signifikan lagi, Ronaldo tetap mampu tampil oke sekalipun sudah pindah ke Al Nassr sejak 2023. Ini menegaskan bahwa Saudi Pro League tempat ia berkiprah saat ini bukanlah liga kaleng-kaleng. Hal itu pun ditegaskan rekannya di timnas, Ruben Neves yang juga bermain di sana bersama Al Hilal.\n\n&quot;Saya mengajak orang-orang agar menonton liga Arab Saudi. Saya pernah bilang beberapa kali, jika kalian membandingkan data GPS saya sewaktu di Inggris dengan di Arab Saudi, sekarang saya berlari lebih banyak, tapi bedanya saya berlari dengan suhu 40 derajat celsius,&quot; ujar Neves seperti dikutip BBC.\n\n&quot;Secara fisik, saya baik. Saya dan Cristiano telah membuktikan bahwa Liga Arab Saudi berkualitas,&quot; tegasnya.', '2024-09-09', 'Adhi Prasetya ', 0, 2, 17),
(18, 'Indonesia Vs Australia: Tekanan Suporter Garuda, Penyemangat Socceroos    ', 'Indonesia Australia.jpeg', 'Timnas Australia akan melawan Timnas Indonesia yang mendapat dukungan penuh suporter. Socceroos berniat mengubah tekanan itu menjadi energi semangat.\n\nIndonesia vs Australia akan berlangsung di Stadion Utama Gelora Bung Karno, Jakarta. Laga babak ketiga Kualifikasi Piala Dunia 2026 Grup C itu berlangsung, Selasa (10/9/2024), kickoff pukul 19.00 WIB.\n\nSebanyak 70 ribu suporter akan menghadiri Indonesia vs Australia. Bahkan, La Grande Indonesia sudah menyiapkan koreografi khusus untuk laga itu.\n\nPemain Australia, Alessandro Circati, menegaskan tak gentar dengan tekanan puluhan ribu suporter. Dia malah menjadikan itu sebagai sumber semangat.\n\n&quot;Saya tidak menganggapnya sebagai permusuhan, Saya pikir itu seharusnya menjadi energi untuk menyalakan semangat. Itu seharusnya membuat anda bersemangat, atau setidaknya diri saya, itu memompa semangat saya,&quot; kata Circati di Canberra Times.\n\n&quot;Ini membuat saya lebih ingin memetik kemenangan --untuk bermain melawan para suporter yang bisa bersorak melawan anda, hanya untuk membuktikan mereka salah dan benar-benar menunjukkan pada mereka \'lihat, 70.000, kamu tak membuat cara bermain saya berbeda,&quot; kata dia menambahkan.\n\nPada pertemuan terakhir, Indonesia kalah telak dari Australia. Di babak 16 besar Piala Asia 2023, tim Merah-Putih tumbang 0-4 saat melawan tim asuhan Graham Arnold.', '2024-09-09', 'Lucas Aditya', 0, 2, 18),
(19, 'Motivasi Jay Idzes di Kualifikasi Piala Dunia 2026    ', 'Jay Idzes.jpeg', 'Timnas Indonesia memulai ronde ketiga Kualifikasi Piala Dunia 2026 dengan baik. Sang bek Jay Idzes punya motivasi besar dengan memberikan segalnya buat Merah Putih.\r\n\r\nTimnas Indonesia mencuri satu poin saat menghadapi tuan rumah Arab Saudi di matchday pertama Grup C ronde ketiga Kualifikasi Piala Dunia 2026 Zona Asia, dengan skor akhir 1-1. Selanjutnya, Skuad Garuda menjamu Australia pada Selasa (10/9) pukul 19.00 WIB di Stadion GBK.\r\n\r\nJay Idzes ditunjuk jadi kapten Timnas Indonesia di laga kontra Arab Saudi, karena Jordi Amat absen. Jay mengaku bangga.\r\n\r\n&quot;Saya merasa sangat bangga dengan kesempatan menjadi kapten. Kami memainkan laga yang ketat, tapi senang bisa mendapat poin,&quot; tulisnya di sosial media pribadinya.\r\n\r\nAustralia bakal jadi lawan berat selanjutnya. Jay Idzes punya motivasi, untuk bermain habis-habisan buat Timnas Indonesia dan lanjutkan start yang oke!\r\n\r\n&quot;Kami akan memberikan segalanya untuk negara ini dan bikin Anda bangga. Kami akan butuh dukungan Anda lagi,&quot; lanjut bek Venezia tersebut.\r\n\r\n&quot;Ini baru awal, Kita Garuda,&quot; tutupnya.', '2024-09-09', 'Afif Farhan', 0, 2, 19),
(20, 'Cristiano Ronaldo Menuju 1.000 Gol    ', 'Ronaldo 1000 Gol.jpeg', 'Cristiano Ronaldo terus menyumbang gol. Penyerang Portugal itu disebut sedang menuju catatan 1.000 golnya.\r\n\r\nTerbaru, Ronaldo menyumbang satu gol saat Portugal mengalahkan Skotlandia 2-1 di UEFA Nations League 2024/2025. CR7 menjadi pahlawan kemenangan Selecao das Quinas di Estadio da Luz, Lisbon, Senin (9/9/2024) dini hari WIB.\r\n\r\nPortugal sempat ketinggalan lewat aksi Scott McTominay di menit ke-7. Tim asuhan Roberto Martinez baru membalas di babak kedua, lewat gol Bruno Fernandes di menit ke-54 dan Ronaldo pada menit ke-89.\r\n\r\nGol ke gawang Skotlandia membuat Ronaldo terus menambah pundi-pundinya. Itu menjadi gol ke-901 sepanjang kariernya bermain.\r\n\r\nSebelumnya, Cristiano Ronaldo mencatat milestone gol ke-900 saat melawan Kroasia. Kini, penyerang 39 tahun itu disebut mulai mengejar rekor 1.000 gol.\r\n\r\n&quot;Pengaruhnya selalu sama, terlepas dari apakah dia memulai dari bangku cadangan atau tidak. Setiap orang yang masuk telah membuat perbedaan,&quot; kata Bruno Fernandes, dilansir Goal.\r\n\r\n&quot;Cristiano membuat sebuah gol, hari ini dia mencetak golnya yang ke 901 dan sekarang dia sedang menuju ke angka seribu, yaitu apa yang dia inginkan,&quot; ungkap gelandang Portugal tersebut.\r\n\r\nDari 901 gol, rincian Cristiano Ronaldo adalah sebanyak 450 dicetak di Real Madrid,  45 di Manchester United,  132 di Portugal,  101 di Juventus, 6 8 Al Nassr, dan  5 Sporting Lisbon. Tak ada pemain aktif yang bisa membuat gol sebanyak itu saat ini. ', '2024-09-09', 'Yanu Arifin', 0, 2, 20),
(21, 'Carlo Ancelotti Belum Mau Pensiun dari Dunia Pelatih    ', 'Carlo Ancelotti.jpeg', 'Carlo Ancelotti belum terpikirkan pensiun meski sudah meraih banyak gelar sebagai pelatih. Juru taktik Real Madrid ini masih bersemangat melatih tim.\n\nAncelotti sudah menginjak usia 65 tahun pada Juni lalu. Meski sudah berkepala enam, Don Carlo masih nyaman menghadapi tekanan sebagai pelatih.\n\nReal Madrid asuhannya saat ini berada dalam masa-masa kejayaan. 14 trofi bergengsi sudah dipersembahkan Ancelotti dalam dua periode di Los Blancos, termasuk 2 gelar LaLiga dan 3 trofi Liga Champions.\n\nCarlo Ancelotti turut menangani pemain-pemain terbaik dunia saat ini. Tak kurang dari Kylian Mbappe, Vinicius Junior, Jude Bellingham, dan Federico Valverde berada dalam satu tim besutannya.\n\nMenangani bintang-bintang top dunia dengan skill mumpuni dan ego yang besar jelas bukan perkara mudah. Namun, Ancelotti sejauh ini dapat menangani masalah tersebut.\n\nAncelotti menilai masalah-masalah dan tekanan adalah bagian sehari-hari seorang pelatih. Eks pelatih AC Milan ini masih menikmati hal itu dan belum mau menarik diri dari pekerjaannya.\n\n&quot;Tidak ada kehidupan tanpa tekanan atau sedikit stres. Terlalu banyak stres, tidak, tetapi sedikit saja sudah cukup,&quot; kata Ancelotti, dilansir dari Marca.\n\n&quot;Hari ketika saya tidak bersemangat sebelum pertandingan adalah hari ketika saya harus berhenti. Sebelum pertandingan, ada kekhawatiran, ada perasaan negatif, berpikir pertandingan tidak akan berjalan baik, bahwa lawan akan mencetak gol... Saat pertandingan dimulai, semuanya berhenti. Jadi, Anda harus mencari ketenangan untuk menangani situasi permainan,&quot; sambungnya.\n\n&quot;Saya akan terus melatih hingga semangat saya untuk sepakbola padam. Beberapa hal hebat telah terjadi dalam hidup saya, beberapa momen sulit. Hidup saya normal. Saya beruntung memiliki pekerjaan yang menjadi gairah saya. Saya berterima kasih kepada epak bola karena telah memberi saya kesempatan itu.&quot;\n\n&quot;Saya masih merasa gugup sebelum pertandingan, saya merasa tertekan, dan selama itu tidak berubah, saya akan terus di sini. Ya, saya melihat diri saya akan menjadi pelatih untuk waktu yang lama,&quot; Ancelotti mengungkapkan.\n\n', '2024-09-08', 'Bayu Baskoro ', 0, 2, 21),
(22, 'Lamine Yamal Coba Abaikan Perbandingan dengan Messi    ', 'Lamine Yamal.jpeg', 'Lamine Yamal kerap dibanding-bandingkan dengan Lionel Messi. Tak mau terlena, Yamal mencoba fokus ke dirinya sendiri.\n\nYamal mencuri perhatian sejak debut di tim utama Barcelona di usia 15 tahun. Namanya semakin meroket usai tampil apik bersama Spanyol di Euro 2024.\n\nYamal dinobatkan sebagai Pemain Muda Terbaik di Euro 2024 lalu. Pemain berusia 17 tahun itu mencetak satu gol dan empat assist selama turnamen.\n\nPerbandingan dengan Messi pun tak terelakkan, apalagi keduanya sama-sama jebolan La Masia. Meski demikian, Yamal mencoba mengabaikannya.\n\n&quot;Yang paling penting adalah tidak memperhatikannya,&quot; ujar Yamal kepada L\'Equipe seperti dilansir Football Espana.\n\n&quot;Dibanding-bandingkan dengan yang terbaik dalam sejarah berarti Anda melakukan hal yang tepat. Itu tidak mengganggu saya, tapi saya mencoba menjadi diri sendiri.&quot;\n\nBerkat penampilan impresifnya, Yamal jadi salah satu dari 30 pemain yang masuk nominasi Ballon d\'Or 2024.\n\n&quot;Saya ingin meninggalkan jejak di sepakbola,&quot; kata Lamine Yamal.', '2024-09-06', 'Novitasari Dewi Salusi', 0, 2, 22);
INSERT INTO `posts` (`id`, `title`, `img`, `body`, `date`, `author`, `view`, `category_id`, `url_id`) VALUES
(23, 'Brace yang Membawa Kylian Mbappe Masuk Daftar Elite Real Madrid    ', 'Mbappe.jpeg', 'Sempat kesulitan, Kylian Mbappe akhirnya bisa pecah telur dan memborong dua gol untuk Real Madrid. Bintang asal Prancis itu masuk daftar elite Los Blancos.\r\n\r\nMbappe akhirnya bisa membuat gol di LaLiga untuk Madrid. Setelah mejan di tiga laga sebelumnya, pemain 25 tahun itu bisa mencatatkan namanya di papan skor.\r\n\r\nItu terjadis saat Madrid mengatasi Real Betis di pekan keempat Liga Spanyol 2024/2025. Bermain di Santiago Bernabeu, Madrid, Senin (2/9/2024) dini hari WIB, Mbappe memborong gol kemenangan 2-0.\r\n\r\nDua gol itu, sekaligus dua gol pertama Mbappe di LaLiga untuk Madrid, rupanya berbuah catatan manis. Opta mencatat, ia menjadi pemain keempat yang bisa melakukannya.\r\n\r\nOpta menyebut, Kylian Mbappe mengikuti jejak Ronaldo, Javier Hernandez \'Chicharito\', dan Dani Ceballos, yang langsung membuat dua gol pertamanya di satu pertandingan Real Madrid. Catatan lebih baik masih dipegang Ruud van Nistelrooy, yang langsung memborong hat-trick saat pecah telur.\r\n\r\nMbappe sendiri sempat punya debut manis untuk Madrid. Di Piala Super Eropa, ia menyumbang satu gol saat mengalahkan Atalanta.\r\n\r\nNamun di LaLiga, Kylian Mbappe malah kesulitan. Setelah absen bikin gol ke gawang Real Mallorca, Real Valladolid, dan Las Palmas, baru melawan Real Betis gol lahir dari kakinya.\r\n\r\nReal Madrid sendiri kini berada di urutan dua klasemen Liga Spanyol dengan 8 poin. Anak asuh Carlo Ancelotti masih do bawah Barcelona, yang sempurna di empat laga pertamanya.', '2024-09-02', 'Yanu Arifin', 0, 2, 23),
(24, 'Satu Hal yang Bikin Shearer Ragu Haaland Akan Patahkan Rekor Golnya    ', 'Haaland.jpeg', 'Alan Shearer masih memegang rekor sebagai top skor sepanjang masa Premier League. Erling Haaland berpeluang mematahkannya, tapi Shearer punya keraguan.\r\n\r\nShearer tercatat sebagai pencetak gol terbanyak di Premier League dengan 260 gol. Harry Kane berada di urutan kedua dengan 213 gol.\r\n\r\nSaat ini, Mohamed Salah menjadi satu-satunya pemain yang masih aktif yang ada di 10 besar daftar top skor sepanjang masa Premier League. Penyerang Liverpool itu mengemas 160 gol.\r\n\r\nHaaland sendiri menunjukkan sinyal kuat sebagai salah satu striker top di Premier League sejak gabung Manchester City pada 2022. Memasuki musim ketiganya di Premier League, striker asal Norwegia itu sudah mencetak 70 gol.\r\n\r\nShearer percaya Haaland punya peluang besar untuk mematahkan rekor golnya di Premier League. Namun, ketidakpastian di City bisa membuat Haaland meninggalkan Premier League sebelum mematahkan rekor Shearer.\r\n\r\n&quot;Saya kira kalau Harry Kane kembali ke Premier League dalam beberapa tahun, maka dia mungkin punya peluang untuk mematahkan rekor saya, tapi tidak diragukan kalau Erling Haaland tetap di sini selama lima atau enam tahun lagi, dengan cara dia tampil, maka dia jelas akan memecahkannya,&quot; ujar Shearer seperti dilansir Mirror.\r\n\r\n&quot;Tapi kita lihat saja nanti, kita tidak tahu apa yang akan terjadi dengan Man City dan tuntutannya, kita tidak tahu apa yang akan terjadi dengan Pep Guardiola dan eranya di klub.&quot;\r\n\r\n&quot;Itu pertanyaan besar, bukan cuma untuk klub dan manajer tapi juga para pemain yang ada di klub juga. Tapi, jika Haaland tetap di Premier League maka jelas, dia akan mematahkan rekor saya,&quot; kata Shearer.', '2024-09-05', 'Novitasari Dewi Salusi', 0, 2, 24),
(25, 'Kata Roy Keane, Ronaldo Masih Paling Hebat di Dunia dalam Hal Ini    ', 'Cristiano Ronaldo.jpeg', 'Dalam satu pekan ini, Cristiano Ronaldo sudah tembus 900 gol. Roy Keane, mantan rekan setimnya di Manchester United, bicara soal kelihaian CR7.\r\n\r\nPortugal menyudahi dua laga terakhirnya di UEFA Nations League dengan kemenangan 2-1. Ada Kroasia dan Skotlandia yang secara berurutan dikalahkan Selecao das Quinas.\r\n\r\nDi kedua laga tersebut, Cristiano Ronaldo mencetak masing-masing 1 gol. Itu sekaligus menjadi golnya yang ke-900 dan ke-901 dalam karier pesepakbola 39 tahun tersebut.\r\n\r\nSelain itu, Ronaldo sekaligus menyudahi paceklik setelah masa-masa buntu gol bersama timnas Portugal di Euro 2024 ketika tidak mampu bikin satu gol pun.\r\n\r\nBicara mengenai periode paceklik yang sempat dijalani Cristiano Ronaldo, Keane menyebut bahwa hal tersebut memang memunculkan kerisauan tersendiri.\r\n\r\nNamun, Ronaldo kini sudah kembali beraksi menjebol gawang lawan lagi. Dan menurut Keane, Cristiano Ronaldo masih merupakan pemain dengan naluri bikin gol luar biasa.\r\n\r\n&quot;Sebelumnya, itu memang sempat memunculkan kekhawatiran.. Tapi ia sudah tembus 900 gol,&quot; kata Keane kepada ITV.\r\n\r\n&quot;Jika Anda mengirim bola ke area tersebut, ia masih merupakan yang terbaik di dunia,&quot; ucapnya merujuk pada kemampuan Ronaldo di area depan gawang lawan.', '2024-09-09', 'Kris FW', 0, 2, 25);

-- --------------------------------------------------------

--
-- Table structure for table `urls`
--

CREATE TABLE `urls` (
  `id` int(11) NOT NULL,
  `url_posts` varchar(250) NOT NULL,
  `website` varchar(100) NOT NULL
) ENGINE=InnoDB DEFAULT CHARSET=utf8mb4 COLLATE=utf8mb4_general_ci;

--
-- Dumping data for table `urls`
--

INSERT INTO `urls` (`id`, `url_posts`, `website`) VALUES
(1, 'https://www.oneesports.id/mobile-legends/bikin-comeback-gemilang-lawan-rrq-evos-id-raih-gelar-juara-dunia-m1/', 'One Esports'),
(2, 'https://bola.kompas.com/read/2024/06/02/03581838/hasil-dortmund-vs-madrid-0-2-los-blancos-juara-liga-champions-2024#google_vignette', 'Kompas'),
(3, 'https://www.oneesports.id/mobile-legends/evos-icon-juara-wcg-2023/', 'One Esports'),
(4, 'https://www.oneesports.id/mobile-legends/timnas-mlbb-juara-iesf-2022/', 'One Esports'),
(5, 'https://www.oneesports.id/mobile-legends/profil-dan-biodata-mas-ade/', 'One Esports'),
(6, 'https://www.oneesports.id/dota2/team-spirit-juara-ti12', 'One Esports'),
(7, 'https://www.oneesports.id/pubg/vampire-esports-juara-pmsl-sea-fall-2024/', 'One Esports'),
(8, 'https://www.oneesports.id/free-fire/kolaborasi-free-fire-x-blue-lock-2024/', 'One Esports'),
(9, 'https://www.oneesports.id/free-fire/bigetron-delta-juara-ffws-id-fall-2024/', 'One Esports'),
(10, 'https://www.oneesports.id/free-fire/ffws-id-fall-2024-sukses-raih-rekor-muri/', 'One Esports'),
(11, 'https://www.oneesports.id/free-fire/kagendra-ffws-id-fall-2024/', 'One Esports'),
(12, 'https://www.oneesports.id/free-fire/ffws-sea-fall-2024-di-indonesia/', 'One Esports'),
(13, 'https://www.oneesports.id/ea-sports-fc/tanggal-rilis-ea-fc-25-pre-order-platform/', 'One Esports'),
(14, 'https://www.oneesports.id/valorant/tuan-rumah-valorant-masters-2025-bangkok-toronto/', 'One Esports'),
(15, 'https://www.oneesports.id/honor-of-kings/rrq-lolos-ke-playoff-kc-2024-indonesia-qualifier/', 'One Esports'),
(16, 'https://www.oneesports.id/pubg/boom-lolos-ke-final-pmsl-sea-fall-2024/', 'One Esports'),
(17, 'https://sport.detik.com/sepakbola/bola-dunia/d-7532664/ronaldo-gacor-bareng-portugal-bukti-main-di-arab-tetap-kompetitif', 'Detik'),
(18, 'https://sport.detik.com/sepakbola/liga-indonesia/d-7532663/indonesia-vs-australia-tekanan-suporter-garuda-penyemangat-socceroos', 'Detik'),
(19, 'https://sport.detik.com/sepakbola/liga-indonesia/d-7532657/motivasi-jay-idzes-di-kualifikasi-piala-dunia-2026', 'Detik'),
(20, 'https://sport.detik.com/sepakbola/bola-dunia/d-7531398/cristiano-ronaldo-menuju-1-000-gol', 'Detik'),
(21, 'https://sport.detik.com/sepakbola/liga-spanyol/d-7530185/carlo-ancelotti-belum-mau-pensiun-dari-dunia-pelatih', 'Detik'),
(22, 'https://sport.detik.com/sepakbola/liga-spanyol/d-7528161/lamine-yamal-coba-abaikan-perbandingan-dengan-messi', 'Detik'),
(23, 'https://sport.detik.com/sepakbola/liga-spanyol/d-7519903/brace-yang-membawa-kylian-mbappe-masuk-daftar-elite-real-madrid', 'Detik'),
(24, 'https://sport.detik.com/sepakbola/liga-inggris/d-7525775/satu-hal-yang-bikin-shearer-ragu-haaland-akan-patahkan-rekor-golnya', 'Detik'),
(25, 'https://sport.detik.com/sepakbola/bola-dunia/d-7531990/kata-roy-keane-ronaldo-masih-paling-hebat-di-dunia-dalam-hal-ini?mtype=mpc.ctr.B-boxccxmpcxmp-modelB', 'Detik');

-- --------------------------------------------------------

--
-- Table structure for table `user`
--

CREATE TABLE `user` (
  `id_user` int(11) NOT NULL,
  `username` varchar(50) NOT NULL,
  `password` varchar(260) NOT NULL,
  `roles` enum('admin','nadmin') NOT NULL
) ENGINE=InnoDB DEFAULT CHARSET=utf8mb4 COLLATE=utf8mb4_general_ci;

--
-- Dumping data for table `user`
--

INSERT INTO `user` (`id_user`, `username`, `password`, `roles`) VALUES
(1, 'admin', '$2y$10$Q5X.WYNsDLrOOHkTTROmp.xV4bcOAq/rIw0qMb.XFdIt4YWzS1MsO', 'admin');

--
-- Indexes for dumped tables
--

--
-- Indexes for table `category`
--
ALTER TABLE `category`
  ADD PRIMARY KEY (`id`);

--
-- Indexes for table `comment`
--
ALTER TABLE `comment`
  ADD PRIMARY KEY (`id`),
  ADD KEY `post_id` (`post_id`);

--
-- Indexes for table `posts`
--
ALTER TABLE `posts`
  ADD PRIMARY KEY (`id`),
  ADD KEY `category_id` (`category_id`),
  ADD KEY `url_id` (`url_id`);

--
-- Indexes for table `urls`
--
ALTER TABLE `urls`
  ADD PRIMARY KEY (`id`);

--
-- Indexes for table `user`
--
ALTER TABLE `user`
  ADD PRIMARY KEY (`id_user`);

--
-- AUTO_INCREMENT for dumped tables
--

--
-- AUTO_INCREMENT for table `category`
--
ALTER TABLE `category`
  MODIFY `id` int(11) NOT NULL AUTO_INCREMENT, AUTO_INCREMENT=5;

--
-- AUTO_INCREMENT for table `comment`
--
ALTER TABLE `comment`
  MODIFY `id` int(11) NOT NULL AUTO_INCREMENT;

--
-- AUTO_INCREMENT for table `posts`
--
ALTER TABLE `posts`
  MODIFY `id` int(11) NOT NULL AUTO_INCREMENT, AUTO_INCREMENT=26;

--
-- AUTO_INCREMENT for table `urls`
--
ALTER TABLE `urls`
  MODIFY `id` int(11) NOT NULL AUTO_INCREMENT, AUTO_INCREMENT=26;

--
-- AUTO_INCREMENT for table `user`
--
ALTER TABLE `user`
  MODIFY `id_user` int(11) NOT NULL AUTO_INCREMENT, AUTO_INCREMENT=2;

--
-- Constraints for dumped tables
--

--
-- Constraints for table `comment`
--
ALTER TABLE `comment`
  ADD CONSTRAINT `comment_ibfk_1` FOREIGN KEY (`post_id`) REFERENCES `posts` (`id`);

--
-- Constraints for table `posts`
--
ALTER TABLE `posts`
  ADD CONSTRAINT `posts_ibfk_1` FOREIGN KEY (`category_id`) REFERENCES `category` (`id`),
  ADD CONSTRAINT `posts_ibfk_2` FOREIGN KEY (`url_id`) REFERENCES `urls` (`id`);
COMMIT;

/*!40101 SET CHARACTER_SET_CLIENT=@OLD_CHARACTER_SET_CLIENT */;
/*!40101 SET CHARACTER_SET_RESULTS=@OLD_CHARACTER_SET_RESULTS */;
/*!40101 SET COLLATION_CONNECTION=@OLD_COLLATION_CONNECTION */;
