-- phpMyAdmin SQL Dump
-- version 5.2.1
-- https://www.phpmyadmin.net/
--
-- Host: 127.0.0.1
-- Generation Time: Sep 26, 2024 at 10:29 AM
-- Server version: 10.4.32-MariaDB
-- PHP Version: 8.0.30

SET SQL_MODE = "NO_AUTO_VALUE_ON_ZERO";
START TRANSACTION;
SET time_zone = "+00:00";


/*!40101 SET @OLD_CHARACTER_SET_CLIENT=@@CHARACTER_SET_CLIENT */;
/*!40101 SET @OLD_CHARACTER_SET_RESULTS=@@CHARACTER_SET_RESULTS */;
/*!40101 SET @OLD_COLLATION_CONNECTION=@@COLLATION_CONNECTION */;
/*!40101 SET NAMES utf8mb4 */;

--
-- Database: `hoynews`
--

-- --------------------------------------------------------

--
-- Table structure for table `category`
--

CREATE TABLE `category` (
  `id` int(11) NOT NULL,
  `name_category` varchar(50) NOT NULL
) ENGINE=InnoDB DEFAULT CHARSET=utf8mb4 COLLATE=utf8mb4_general_ci;

--
-- Dumping data for table `category`
--

INSERT INTO `category` (`id`, `name_category`) VALUES
(1, 'E-Sports'),
(2, 'Sports'),
(3, 'Politics'),
(4, 'Technology');

-- --------------------------------------------------------

--
-- Table structure for table `comment`
--

CREATE TABLE `comment` (
  `id` int(11) NOT NULL,
  `parent_id` int(11) NOT NULL,
  `name` varchar(100) NOT NULL,
  `comment` text NOT NULL,
  `date` timestamp NOT NULL DEFAULT current_timestamp() ON UPDATE current_timestamp(),
  `post_id` int(11) NOT NULL
) ENGINE=InnoDB DEFAULT CHARSET=utf8mb4 COLLATE=utf8mb4_general_ci;

-- --------------------------------------------------------

--
-- Table structure for table `posts`
--

CREATE TABLE `posts` (
  `id` int(11) NOT NULL,
  `title` varchar(250) NOT NULL,
  `img` varchar(50) NOT NULL,
  `body` text NOT NULL,
  `date` date NOT NULL,
  `author` varchar(100) NOT NULL,
  `view` int(11) NOT NULL,
  `category_id` int(11) NOT NULL,
  `url_id` int(11) NOT NULL
) ENGINE=InnoDB DEFAULT CHARSET=utf8mb4 COLLATE=utf8mb4_general_ci;

--
-- Dumping data for table `posts`
--

INSERT INTO `posts` (`id`, `title`, `img`, `body`, `date`, `author`, `view`, `category_id`, `url_id`) VALUES
(1, 'Bikin comeback gemilang lawan RRQ, EVOS ID raih gelar juara dunia M1', 'EVOS M1.jpg', 'EVOS Indonesia (Legends) memperlihatkan bahwa mereka memiliki sekumpulan pemain terbaik Mobile Legends. Setelah juara MPL season 4, Oura dkk meraih gelar Piala Dunia Mobile Legends (M1).\r\n\r\nJalan yang dilalui EVOS ID di M1 terbilang mulus. Sejak fase grup sampai sebelum grandfinal, mereka hanya kalah satu game ketika melawan wakil Jepang 10Second Gaming+.\r\n\r\nMereka bahkan sempat mengalahkan Rex Regum Qeon 2-0 di semifinal upper bracket, sebelum jumpa kembali di grandfinal.\r\n\r\nTerlihat mudah sampai grandfinal, EVOS ID mendapat perlawanan luar biasa dari RRQ. Bahkan mereka sempat tertinggal 1-3. Sebelum comeback terjadi dan diakhiri dengan epik. Pasalnya pada game ketujuh, EVOS memenangi laga hanya dalam tujuh menit.\r\n\r\nPada game pertama pertandingan sebenarnya cukup berimbang. Tapi ada satu pembeda dari RRQ. Dia adalah Granger yang dimainkan dengan sempurna oleh Tuturu.\r\n\r\nSeperti yang diketahui hero ini bisa dibilang sebagai signature untuk Tuturu. Benar saja, EVOS mengalami kesulitan menghentikannya.\r\n\r\nGame pertama begitu alot. Sampai-sampai harus berjalan hingga 33 menit. Namun, Granger benar-benar menjadi pembeda. 14-0-6 yang dia buat membuat RRQ mengambil game pertama.\r\n\r\nDi game kedua, EVOS bangkit. Permainan agresif diperlihatkan. Donkey menunjukkan kepiawaian memakai Grock dan menjadi inisiator yang sempurna. Bahkan dia tak terpick off sama sekali di game ini.\r\n\r\nChang&amp;#8217;e dari Wannn juga mencolok. Ia berhasil menjadi MVP dengan 9-1-9. EVOS memenangi game kedua dengan mudah.\r\n\r\nNamun, masalah bagi EVOS muncul di game ketiga dan keempat. RRQ mulai memperlihatkan kepintaran mereka dalam draft pick.\r\n\r\nMereka memakai Terizla sebagai counter dari Hellcurt yang dipakai Rekt di game ketiga. Rekt yang merupakan tulang punggung EVOS dalam menyerang dibuat mati kutu dan tak bisa apa-apa. Lemon memainkan Terizla dengan sempurna. RRQ menang di game ketiga dan unggul 2-1.\r\n\r\nPada game keempat, lagi dan lagi counter pick RRQ jadi kunci. Ketika EVOS memilih Lolita di pick awal dan Donkey memakai Chou, Vyn dari RRQ memakai Diggie.\r\n\r\nHero yang benar-benar membuat Chou maupun Lolita kesulitan melakukan inisiasi. RRQ kembali meraih poin di game keempat, kondisi jadi 3-1.\r\n\r\nMemasuki game kelima, EVOS tak mau menyerah begitu saja. Apalagi mereka mendapatkan dua hero yang cukup OP untuk Wannn dan Oura yakni Harith serta Masha.\r\n\r\nBenar saja, EVOS masih punya nyali untuk tampil agresif bahkan mendominasi game kelima. Harith dari Wannn tak bisa dihentikan dan begitu agresif. Ia menjadi MVP dengan 4-2-4. EVOS menang dan kedudukan menjadi 2-3.\r\n\r\nRRQ tampil sangat agresif di game keenam. Apalagi mereka berhasil mendapatkan meta-meta andalan macam Masha dan Granger. Sampai mid game, RRQ bnar-benar mendominasi.\r\n\r\nTapi EVOS membuktikan mental bajanya. Lewat permainan Oura yang begitu luar biasa memakai X-Borg, EVOS berhasil menghantam RRQ lewat war-war penting. Culikan Donkey yang menggunakan Kaja juga on-point. Pada game keenam, EVOS menang dan menyamakan kedudukan 3-3.\r\n\r\nDi game pamungkas ketujuh, EVOS secara mengejutkan bermain super cepat, super agresif. Wannn yang untuk pertama kalinya menggunakan Lunox di playoff mengambil tiga kill pertama dengan cepat dan membuatnya sangat kaya.\r\n\r\nBaxia dan Kaja yang dimainkan Luminaire juga Donkey dengan sempurna. Oura tampil apik dengan Masha dan Rekt apik mem-push turret dengan Kimmy.\r\n\r\nSampai akhirnya di menit ketujuh EVOS sudah memastikan kemenangan. Ya, sebelum lord pertama muncul. EVOS comeback dan mengawinkan gelar MPL dengan M1.', '2019-11-17', 'Redzi Arya Pratama', 50, 1, 1),
(2, 'Hasil Dortmund Vs Madrid 0-2, Los Blancos Juara Liga Champions 2024!', 'Real Madrid UCL 2024.jpg', 'Real Madrid menjadi juara Liga Champions 2023-2024 setelah mengalahkan Borussia Dortmund dengan skor 2-0.\r\n\r\nLaga Borussia Dortmund vs Real Madrid pada final Liga Champions berlangsung di Stadion Wembley, London, Inggris, Minggu (2/6/2024) dini hari WIB.\r\n\r\nLos Blancos, julukan Real Madrid, memastkan gelar Liga Champions musim ini berkat gol Dani Carvajal (74\') dan Vinicius Junior (83\').\r\n\r\nIni merupakan trofi Liga Champions ke-15 bagi Real Madrid, kian memantapkan posisi klub sebagai peraih gelar juara Liga Champions terbanyak.\r\n\r\nMadrid nyaris membuka keunggulan pada menit ke-12 saat umpan Dani Carvajal mengarah ke Federico Valverde. Namun, tendangan Valverde melayang di atas mistar.\r\n\r\nDua menit kemudian, giliran Julian Brandt yang mendapatkan peluang emas. Niclas Fullkrug menerima umpan Nico Schlotterbeck dan melewati bek Madrid, Antonio Ruidiger.\r\n\r\nFullkrug lalu memberikan bola ke Brandt yang berlari ke dalam kotak penalti. Pemain berusia 28 &amp;nbsp;tahun itu melepaskan tembakan, tetapi masih melebar.\r\n\r\nSerangan Die Borussen terus mengancam pertahanan Los Blancos. Karim Adeyemi lolos dari jebakan offside ketika menyambut umpan Mats Hummels.\r\n\r\nIa berhadapan dengan kiper Madrid, Thibaut Courtois, tetapi Dani Carvajal sukses menyapu bola dan menghasilkan sepak pojok untuk Dortmund pada menit ke-21.\r\n\r\nPeluang terbaik Dortmund tercipta pada menit ke-23 yang diawali umpan Ian Maatsen ke Fullkurg. Tendangan Fullkurg melewati Courtois, tetapi bola mengenai &amp;nbsp;tiang gawang.\r\n\r\nKesempatan lainnya untuk Dortmund hadir lima menit kemudian. Adeyemi melewati Carvajal dan masuk ke dalam kotak penalti.\r\n\r\nNamun, sepakan mendatarnya mampu diblok Courtois. Bola memantul dan disundul Fullkurg, tetapi tandukannya melenceng dari target.\r\n\r\nMarcel Sabitzer melepaskan tendangan dari luar kotak penalti pada menit ke-41 yang berhasil ditepis Courtois.&amp;nbsp;Babak pertama pun berakhir tanpa gol alias 0-0.\r\n\r\nMadrid mendapat peluang dari tendangan bebas Toni Kroos pada menit ke-49. Tendangannya melengkung dan menuju gawang, tetapi kiper Gregori Kobel berhasil menggagalkannya.\r\n\r\nGiliran Carvajal yang mengancam dengan tendangan setengah volinya usai menyambut sapuan bola Schlotterbeck. Namun, upaya Carvajal diblok Maatsen dan bola diamankan Kobel.', '2024-06-02', 'Farahdilla Puspa', 75, 2, 2),
(3, 'EVOS Icon juara WCG 2023, Sutsujin savage!', 'EVOS WCG.jpg', 'EVOS Icon berhasil mengharumkan nama Indonesia di ajang World Cyber Games 2023 di Busan, Korea Selatan (30/7).\n\nBertarung dalam ajang World Cyber Games 2023 (WCG), EVOS Icon bersaing dengan rekan satu negara mereka, ONIC Overlord bersama dengan ECHO MPL dan MDL.\n\nPerjuangan selama 2 hari berturut-turut akhirnya membuahkan hasil. Sang Macan angkat piala di Korea Selatan menandakan gelar Internasional pertama mereka.\n\nKemenangan ini juga menjadi lanjutan bagi Macan Muda setelah mereka menjadi juara MDL ID S7 beberapa bulan yang lalu.\n\nPerjalanan EVOS Icon di WCG 2023 tak selalu mulus. Memang lawan-lawan mereka tidaklah mudah untuk sekelas ONIC Overlord sekalipun.\n\nNamun, Sutsujin dkk berhasil menumbangkan rekan senegara mereka terlebih dahulu, ONIC untuk melaju ke babak berikutnya menghadapi ECHO Proud.\n\nMenghadapi ECHO Proud pada babak Upper Bracket Final, EVOS ICON mampu mencuri 1 poin sebagai bentuk perlawanan. Akan tetapi, Zaida dkk lebih unggul dan dengan berat hati Sutsujin dkk harus ikut merasakan Lower Bracket.\n\nDi Lower Bracket Final mereka kembali bertemu dengan ONIC Overlord yang secara mengejutkan mampu membungkam Karltzy dkk di match penentu sebelumnya.\n\nTampil penuh percaya diri, kembali ICON mampu berbicara banyak. ONIC Overlord takluk kedua kalinya di tangan Sang Macan Putih.\n\nMenghadapi ECHO Proud yang sudah menanti di final, anak asuhan Caleb tampil percaya diri dan mampu menyegel 2 game pertama.\n\nUnggul 2 poin dari Zaida dkk, The Young Orcas mampu mencuri 2 game lanjutan membuat permainan kian sengit memasuki game ke-5.\n\nPada game ke-5, Sutsujin membuka harapan besar EVOS ICON untuk menang dengan hero andalannya Martis. Savage tercipta, ECHO Proud dibuat porak poranda memastikan gelar juara di depan mata bagi Sang Macan.\n\nSebagai juara, EVOS Icon mendapatkan medali penghargaan serta hadiah uang tunai US$20 ribu kembali ke tanah air. Menambah prestasi internasional sang Macan Putih, Sutsujin dkk memberi harapan baru bagi kejayaan EVOS di scene kompetitif MLBB.', '2023-07-30', 'Cristian Wiranata Surbakti', 0, 1, 3),
(4, 'Gulung Blacklist dua kali! Timnas MLBB Indonesia juara IESF WEC 2022', 'Indonesia IESF.jpeg', 'Timnas MLBB Indonesia menjalani laga terakhirnya melawan Filipina untuk mempertaruhkan titel juara IESF WEC 2022.\r\n\r\nKedua tim pernah bertemu sebelumnya di putaran pertama upper bracket, dan sejak saat itu Filipina harus mengarungi turnamen melalui lower bracket.\r\n\r\nKini mereka kembali bertemu di pertarungan pamungkas untuk menentukan siapa yang terbaik di turnamen.\r\n\r\nTimnas MLBB Indoneisa langsung mengeluarkan hero andalan kapten Saykots, Yu Zhong di game pertama. Sedangkan Filipina mengandalkan Fredrinn jungle.\r\n\r\nAwalnya Filipin unggul secara objektif dengan mengamankan dua turtle, namun seiring berjalannya waktu, pasukan Indonesia mampu melakukan rotasi lebih baik.\r\n\r\nDilingdungi tiga hero tebal di garis depan, Branz bisa melancarkan serangan cukup mudah dengan Beatrix. Di menit ke-18, ia menutup pertandingan dengan KDA 8/0/6.\r\n\r\nSama seperti sebelumnya. early game kedua masih dikuasai Filipina, dan Indonesia merebut kendali pertarungan di tahap late game.\r\n\r\nIndonesia bahkan berkesempatan menjadi pemenang pertandingan setelah menghancurkan semua inhibittor turret lawan di menit ke-13, tapi Filipina berhasil bertahan dengan gemilang.\r\n\r\nTak hanya itu, Filipina juga berhasil mencuri Lord kedua meski dua penggawanya sedang menunggu respawn.\r\n\r\nIndonesia akhirnya mendapatkan kesempatan berharga di menit 26 setelah mereka memenangkan pertarungan team-fight yang menewaskan empat penggawa Filipina. Tak menyia-nyiakan kesempatan, Sarkots cs langsung menghajar base turret lawan.\r\n\r\nKemenangan ini semakin terasa berharga karena untuk pertama kalinya, ada tim yang mampu mengalahkan juara dunia \"Blacklist International\" dua kali dalam satu turnamen yang sama.', '2022-12-11', 'Alfa Rizki', 0, 1, 4),
(5, 'Profil dan biodata Mas Ade: Analis juara dunia, streamer papan atas', 'Ade Setiawan.jpg', 'Temukan profil dan biodata Mas Ade di sini.\r\n\r\nMantan analis EVOS Legends, Setiawan <b>\"Hyde O Brien\"</b> Ade kini menjadi salah satu bintang ternama di dunia streaming.\r\n\r\nSetiawan Ade atau yang akrab dipanggil <b>\"Mas Ade\"</b> tersebut aktif dalam streaming MLBB di MPL atau sekedar bermain seperti biasa. Selain streaming MLBB, Setiawan Ade juga senang bermain game casual yang lagi ramai.\r\n\r\nMenjadi pribadi yang lucu dan jenaka, Setiawan Ade menjadi nama favorit bagi penggemar MLBB di seluruh Indonesia. Selain orang mengenal dia karena sempat menjadi bagian dari EVOS Esports, Mas Ade dikenal karena sifatnya yang lucu.\r\n\r\nTerlebih, Setiawan Ade juga aktif memberi edukasi mengenai MLBB hingga memberi saran atau motivasi untuk pemain atau tim MPL dan lainnya.\r\n\r\nSebagai streamer papan atas, Setiawan Ade juga cenderung melakukan live streaming terkait kegiatan di luar gaming seperti bersosialisasi dan lainnya.\r\n\r\nMungkin banyak yang ingin mengetahui profil dan biodata Setiawan Ade sebagai analis juara dunia dan streamer papan atas.\r\n\r\nJangan khawatir, temukan semua informasi di sini.\r\n\r\n<b>Profil dan biodata Mas Ade</b>\r\n<ul>\r\n<li><b>IGN:</b> Hyde O’Brien</li>\r\n<li><b>Tanggal Lahir:</b> 15 Mei 1996</li>\r\n<li><b>Kewarganegaraan:</b> Indonesia</li>\r\n<li><b>Role:</b> Pelatih</li>\r\n<li><b>Instagram:</b> <a href=\"instagram.com/set1awanade\">set1awanade</a></li>\r\n<li><b>TikTok:</b> <a href=\"tiktok.com/@set1awanade\">set1awanade</a></li>\r\n<li><b>Youtube:</b> <a href=\"youtube.com/@set1awanade\">set1awanade</a></li>\r\n</ul>\r\n<b>Profil dan biodata Mas Ade - TRIVIA</b>\r\n1. MENJADI BAGIAN DARI STAF PELATIH EVOS LEGENDS\r\n\r\nMungkin tidak banyak yang tahu seperti apa awal karier Setiawan Ade atau Mas Ade sebagai pelatih EVOS Legends.\r\n\r\nMas Ade memulai karier sebagai analis sejak MPL ID Season 3, bersama Bjorn <b>\"Zeys\"</b> Ong menggantikan Gemik. Gagal di Season 3, Mas Ade akhirnya bersama EVOS Legends juara di MPL ID Season 4 membawa sang Macan ke M1 World Championship.\r\n\r\nTidak hanya lolos ke kejuaraan dunia pertama MLBB di tahun 2019, Mas Ade bersama EVOS Legends pun menjadi juara dunia MLBB pertama di M1. Kemenangan ini sangat berarti bagi Indonesia membawa scene kompetitif MLBB menuju masa jaya.\r\n\r\nMas Ade pun masih menjadi bagian dari EVOS Legends. Berjuang beberapa musim, EVOS Legends juara MPL ID Season 7, membawa sang Macan mengklaim gelar keduanya di scene kompetitif.\r\n\r\nAkhir perjalanan karier mas Ade bersama EVOS Legends pun berakhir di MPL ID Season 8. Kemudian, dia beralih ke tim MLBB Wanita EVOS Lynx.\r\n\r\nSetelah beberapa waktu rehat, Mas Ade pun secara resmi dilepas oleh EVOS Esports.\r\n\r\n2. MENJADI PELATIH EVOS LYNX\r\n\r\nSetelah tak lagi bersama EVOS Legends, Mas Ade menjadi pelatih EVOS Lynx berhasil raih prestasi gemilang bersama Pica dkk.\r\n\r\nSalah satu prestasi besar Mas Ade bersama EVOS Lynx adalah membawa gelar juara WSL Season 1 tahun 2020.\r\n\r\nSelain WSL, EVOS Lynx juga menjadi juara turnamen lain seperti Dignity of Srikandi. Setelah hampir 3 musim bersama EVOS Lynx, Mas Ade pamit.\r\n\r\n3. SUKSES SEBAGAI STREAMER, PUNYA PERSONA LUCU DAN KRITIS\r\n\r\nRehat dari scene kompetitif, Mas Ade kemudian beralih menjadi streamer.\r\n\r\nNamun, sebagai streamer ia tidak hanya bermain MLBB saja. Mas Ade juga senang bermain game casual  yang sedang populer.\r\n\r\nTerkadang ia bermain dengan sendiri, atau mengajak teman seperti DeanKT, Mada Rahadian atau streamer lainnya atau bersama sang kekasih.\r\n\r\nMas Ade kerap memperlihatkan berbagai keunikan saat streaming. Terlebih saat menonton MPL, tidak jarang ia memberi kritik terhadap pemain atau tim yang kurang baik. Namun, ia juga senang melakukan prediksi draft hero.\r\n\r\nBiasanya, Mas Ade juga tak canggung untuk streaming bareng petinggi tim. Misalnya CEO RRQ, Pak AP beberapa kali ia ajak untuk kolaborasi.\r\n\r\nSaat ini, mas Ade diketahui menjadi salah satu streamer gaming yang cukup sukses. Ke depannya siapa tahu dia bisa bersaing di level top tier dunia.', '2024-09-03', 'Cristian Wiranata Surbakti', 0, 1, 5),
(6, 'Team Spirit juara TI12, samai rekor OG!', 'Team Spirit TI12.jpg', 'Team Spirit resmi menjadi juara TI12 (The International 2023) setelah mengalahkan Gaimin Gladiators di laga puncak dengan skor telak 3-0.\n\nSejak awal musim, Gaimin Gladiators digadang-gadang akan menjadi juara TI12 berkat performa apiknya di putaran DPC 2023.\n\nDari tiga Major yang digelar, mereka mampu meraih semua trofi tanpa terkecuali. Tentu tak mengherankan jika Quinn cs dijagokan menjadi juara dunia tahun ini.\n\nDi sisi lain, Team Spirit justru tak mampu berbicara banyak di turnamen DPC skala internasional. Pencapaian terbaik mereka hanya bertengger di posisi kedelapan pada Lima Major.\n\nMomentum positif justru baru mereka dapatkan setelah DPC 2023 usai. Dua turnamen yang digelar sebelum TI12, DreamLeague S21 dan Riyadh Masters 2023, mampu mereka kuasai dengan sempurna.\n\nTrend itu berlanjut ke TI12 di mana mereka mencatatkan rekor tak terkalahkan sejak fase grup hingga grand final.\n\nKemenangan ini membuat Team Spirit menjadi tim kedua dengan koleksi dua trofi The International, menyamai rekor OG yang mencatatkan rekor tersebut setelah menjadi back-to-back champion di tahun 2018 dan 2019.\n\nDua tahun lalu, Team Spirit berhasil menjadi juara dunia kala mampu menumbangkan PSG.LGD di Bucharest, Rumania. Itu merupakan The International dengan total prize pool terbesar, mencapai US$40.018.195.\n\nTeam Spirit juga mampu mendapatkan gelar keduanya ini dengan skuad yang nyaris sama, hanya midlaner mereka saja yang berganti. Jika sebelumnya mereka berjaya bersama TORONTOTOKYO, di tahun ini giliran Larl yang mengangkat Aegis of The Champion.\n\nKemenangan Team Spirit di turnamen ini begitu dominan, terhitung hanya tiga tim saja yang bisa mencuri satu poin dari mereka di sepanjang jalannya turnamen, yakni Virtus.pro, Team Liquid, dan Gaimin Gladiators. Menimbang hal tersebut, rasanya tak ada satu pun yang bisa menyangkal status tim terbaik dunia yang mereka dapatkan di tahun ini.\n\nTahun depan, persaingan Dota 2 tidak akan lagi menerapkan sistem DPC. Sistem yang lahir pada tahun 2017 itu resmi dinyatakan tidak akan digunakan di tahun depan sejak September lalu.\n\nSeperti apa sistem kompetisi Dota 2 di tahun 2024? Mari kita simak perkembangannya.', '2023-10-30', 'Alfa Rizki', 0, 1, 6),
(7, 'Vampire Esports juara PMSL SEA Fall 2024', 'Vampire PMSL SEA 2024.jpg', 'Congratulations, Vampire Esports juara PMSL SEA Fall 2024!\n\nVampire Esports berhasil merengkuh gelar juara PMSL SEA Fall 2024 di Surabaya, Indonesia (8/9) setelah perjalanan panjang selama 3 hari Grand Final.\n\nMenjadi salah satu unggulan, Vampire Esports memang sudah beberapa kali hampir meraih gelar juara PMSL SEA. Sayangnya, performa tim Indonesia dalam beberapa musim atau seri turnamen mampu hempaskan harapan TonyK dkk.\n\nKeberhasilan Alter Ego Ares dan BOOM Esports merengkuh gelar juara PMSL SEA membuat skuad Vampire Esports terinspirasi juara.\n\nAkhirnya, Vampire Esports juara PMSL SEA Fall 2024 mengamankan tiket ke PMGC 2024 akhir tahun mendatang.\n\nPerjalanan Vampire Esports di Grand Final PMSL SEA Fall 2024 bisa dibilang cukup mulus. Menjadi nomor satu di babak Group, TonyK dkk dapat keuntungan besar.\n\nMemiliki Headstart Point yang besar menjadi salah satu pendorong performa yang besar untuk Vampire Esports di babak Grand Final.\n\nBelum mencolok di hari pertama Grand Final, bukan hambatan bagi Vampire. Berbagai tim pesaing dari Indonesia, Vietnam berhasil mencuri sorotan.\n\nPada hari kedua, Vampire Esports menggila dengan meraih 2 WWCD pembuka. Konsistensi yang dibawa oleh Vampire mendongkrak mereka ke puncak.\n\nMemasuki Grand Final di hari ketiga, Vampire hanya perlu menjaga performa mereka untuk tampil tanpa tekanan.\n\nPersaingan di Grand Final hari ketiga cukup sengit. Vampire beradu poin dengan tim-tim mulai dari DX, FaZe Clan, Team ROY sampai Alliance.\n\nAkhirnya, keunggulan TonyK di Grand Final hari ketiga sudah tidak dapat disaingi tim lainnya. Vampire Esports pun menjadi juara PMSL SEA Fall 2024.\n\nVampire Esports juara PMSL SEA Fall 2024, membawa hadiah trofi juara dan uang tunai sebesar US$35 ribu serta tiket ke PMGC 2024.', '2024-09-08', 'Cristian Wiranata Surbakti', 0, 1, 7),
(8, 'RESMI! Kolaborasi Free Fire x Blue Lock segera hadir', 'FF x Blue Lock.jpg', 'Kolaborasi Free Fire x Blue Lock? Wow!\n\nKabar mengejutkan datang dari Garena Indonesia di mana mereka meresmikan kolaborasi anyar Free Fire dengan seri anime Blue Lock.\n\nSeperti yang kita tahu, Blue Lock adalah salah satu seri anime yang sangat populer saat ini. Mengangkat kisah Yoichi Isagi dan teman-temannya dalam perjalanan menjadi atlet sepak bola ternama. Seri anime Blue Lock juga terkenal di seantero dunia.\n\nHal itu tentu membuat kolaborasi Free Fire x Blue Lock akan sangat menarik. Sebelumnya, Free Fire pun pernah berkolaborasi dengan Cristiano Ronaldo.\n\nSeperti apa detail dari kolaborasi Free Fire x Blue Lock? Mari kita bahas.\n\nInformasi mengenai kehadiran kolaborasi Free Fire x Blue Lock diumumkan melalui akun Instagram Garena pada Rabu (4/9).\n\nPada postingan tersebut, terlihat bahwa kolaborasi Free Fire x Blue Lock akan hadir di akhir tahun 2024 di bulan November mendatang.\n\n&amp;#8220;Kolaborasi yang menggemparkan sudah di depan mata! Kami sangat gembira mengumumkan kerja sama kami dengan IP anime yang sangat populer, BLUE LOCK! Tandai kalender anda dan nantikan informasi terbaru lainnya,&amp;#8221;\n\n&amp;#8220;Sampai jumpa di bulan November!,&amp;#8221; tulis Garena.\n\nMenarik untuk dinantikan bahwa Kolaborasi Free Fire x Blue Lock akan menjadi penutup manis di tahun 2024 bagi para survivors.\n\nJadi, bagaimana? Apakah kalian siap menyambut Yoichi Isagi di Bermuda?', '2024-09-04', 'Cristian Wiranata Surbakti', 0, 1, 8),
(9, 'Bigetron Delta juara FFWS ID Fall 2024', 'Bigetron FFWS Fall 2024.jpg', 'Congratulations, Bigetron Delta juara FFWS ID Fall 2024!\n\nSejarah baru terukir di mana Bigetron Delta juara FFWS ID Fall 2024. Perjuangan sang Robot Merah tidak berbuah kekecewaan di musim Fall kali ini.\n\nLangkah Bigetron Delta di FFWS ID Fall 2024 mungkin cukup berat. Beban moril sebagai tim yang gagal pada musim Spring 2024, menjadi sebuah teror.\n\nNamun, keyakinan dari sang pelatih Christian &amp;#8220;Chrisjo&amp;#8221; Jonathan untuk bangkit bersama The Deltas jadi sebuah awal yang baru bagi skuad Robot Merah.\n\nPerjuangan Knockout Stage selama 3 minggu  ditambah dengan babak Point Rush membuat The Deltas kian mantap menghadapi Grand Final.\n\nAkhirnya, dengan keyakinan serta kemampuan mereka, Bigetron Delta juara FFWS ID Fall 2024 menjadi bukti bahwa mereka berhasil membalikkan kegagalan menjadi sebuah kemenangan yang akan mereka kenang sepanjang masa.\n\nPerforma Bigetron Delta di Grand Final FFWS ID Fall 2024 sungguh luar biasa. Sejak game pertama, pada map Bermuda mereka mengamankan top 3.\n\nKonsistensi dalam mencari poin placement dan mencari kill sebanyak mungkin menjadi objek utama The Deltas untuk merebut gelar juara FFWS ID Fall 2024.\n\nSetiap game, dimaksimalkan oleh Kojaa dkk meskipun mereka harus bersaing dengan tim-tim yang tak kalah maksimal seperti MBR Epsilon, Genesis Dogma, Kagendra dan Vesakha. Persaingan di Grand FInal musim ini sangat sengit.\n\nBigetron Delta mendapatkan BOOYAH di game ke-5, Nexterra menjamin peluang juara bagi mereka di musim ini sangat besar.\n\nPada game ke-6, Kalahari The Deltas sempat tersengal. Riuh persaingan kian membara di antara para peserta.\n\nGenesis Dogma memperbesar peluang untuk menikung Bigetron Delta di akhir. Namun, takdir untuk menjadi juara tidak berubah.\n\nBigetron Delta juara FFWS ID Fall 2024 dengan perolehan 115 poin. Genesis Dogma di posisi kedua dengan 104 poin dan Vesakha Esports di posisi ketiga dengan 92 poin. Melengkapi kemenangan di musim ini, BTR Kyongg meraih gelar MVP.', '2024-07-28', 'Cristian Wiranata Surbakti', 0, 1, 9),
(10, 'FFWS ID Fall 2024 sukses raih rekor MURI', 'FFWS Fall 2024.jpg', 'Kompetisi FFWS ID Fall 2024 pecahkan rekor baru!\n\nKompetisi FFWS ID Fall 2024 (Free Fire World Series: Indonesia Fall) menjadi salah satu kompetisi Free Fire paling bergengsi di Indonesia saat ini.\n\nMelibatkan tim-tim Free Fire terbaik dari seluruh Indonesia, kompetisi ini terbuka untuk semua kalangan tanpa pandang bulu. Semua pemain/tim yang memiliki kemampuan diperkenankan untuk turut serta di dalam kompetisi ini.\n\nBersaing menjadi yang terbaik adalah misi utama menjadi jawara baru di scene kompetitif Free Fire di Indonesia. Tim yang berhasil juara berhak untuk mendapatkan trofi, hadiah uang tunai dan tiket menuju kompetisi FFWS SEA Fall 2024.\n\nTerbuka lebar dan bisa diikuti oleh semua kalangan pemain Free Fire di Indonesia, FFWS ID Fall berhasil mencetak rekor baru dari Museum Rekor Indonesia (MURI).\n\nSeperti apa? Mari kita bahas.\n\nKompetisi FFWS ID Fall 2024 terdiri atas beberapa jalur kualifikasi mulai dari Free Fire Nusantara Series atau FFNS dan turnamen lainnya.\n\nTentu, dengan adanya berbagai jalur kualifikasi di dalam FFWS ID Fall 2024 membuka peluang ribuan bahkan ratusan ribu tim untuk berpartisipasi.\n\nPada pembukaan Grand Final, Garena Indonesia sukses raih rekor MURI dengan total peserta mencapai lebih dari 290 ribu tim.\n\nPenyerahan piagam penghargaan pun diterima oleh Christiandy Fransiscus selaku Game Producer Garena Free Fire Indonesia.\n\nKe depannya, tentu tren positif ini akan dijaga oleh Garena Indonesia dengan turnamen yang inklusif dan merangkul seluruh komunitas dan pemain.', '2024-07-28', 'Cristian Wiranata Surbakti', 0, 1, 10),
(11, 'Kagendra merajalela, 3 tim ini bisa hentikan si Raja BOOYAH', 'Kagendra FFWS.jpg', 'Langkah Kagendra di FFWS ID Fall 2024 tak terhentikan!\n\nGelaran FFWS ID Fall 2024 (Free Fire World Series Indonesia &amp;#8211; Fall 2024) minggu kedua telah berakhir di hari Minggu (14/7).\n\nTotal 18 tim Free Fire terbaik dari seluruh Indonesia hanya punya satu pekan lagi untuk bertarung di babak Knockout Stage FFWS ID Fall 2024. Karena di akhir minggu ke-3, akan ditentukan siapa 12 tim terbaik yang lolos ke babak Point Rush dan Grand Final.\n\nSejauh ini, Kagendra berhasil memimpin klasemen dengan total 447 poin. Kagendra berhasil meraih total 10 kali BOOYAH dengan 193 poin placement dan 254 poin elim.\n\nSkuad asuhan pelatih ternama Arif &amp;#8220;AK&amp;#8221; Kurniawan tersebut memang mengesankan. Terlebih, sebagai IGL atau kapten tim ada DarkoL dan Azriel sebagai 2nd caller dalam tim membuat kekuatan Kagendra tidak terbendung.\n\nSiapa yang akan menghentikan langkah Kagendra? Akankah Kagendra menjadi sosok tim penguasa tidak tersentuh di FFWS ID Fall 2024?\n\n1. BIGETRON DELTA\n\nPada urutan pertama, ada Bigetron Delta sebagai salah satu tim yang bisa menandingi Kagendra. Dalam klasemen sementara, Bigetron Delta menempati urutan kedua dengan total 394 poin hanya selisih jarak sekitar 53 poin saja.\n\nBerdasarkan komposisi pemain, Bigetron Delta memiliki kesamaan dengan Kagendra. The Deltas punya Kojaa sebagai IGL, dan Dhikz sebagai 2nd caller.\n\nSementara untuk rusher, Bigetron Delta punya kekuatan besar di tangan duo berbahaya Ikal dan Keongg sebagai fragger.\n\nIkal merupakan mantan rekan dari DarkoL ketika membela Thorrad di FFML Season 8. Tentu Ikal paham seperti apa cara bermain DarkoL membuat Bigetron Delta bisa terus membayangi langkah dari Kagendra sebelum akhirnya melumpuhkan mereka.\n\nSiasat cermat dari Chrisjo sebagai pelatih juga kian matang memasuki week 2. Entah strategi seperti apa yang belum dikeluarkan The Deltas, namun pastinya sebagai pelatih yang pernah menjadi juara, Chrisjo paham harus melakukan apa.\n\n2. MBR EPSILON\n\nBerikutnya ada MBR Epsilon yang saat ini berada di posisi ketiga dengan total 385 poin. Skuad baru The Mighty Beast di bawah asuhan dua pelatih ternama Muhammad &amp;#8220;ManggisKun&amp;#8221; Darmawan dan juga Alan &amp;#8220;Fluent&amp;#8221; Wicaksono menjadi Kuda Hitam di FFWS ID Fall 2024.\n\nBintang-bintang muda MBR Epsilon tidak dapat dipandang sebelah mata. Ada berbagai nama penting di dalam tim seperti Hydanz, Bestoo, Lozzy, Rehanz dan Thanos.\n\nDengan kekuatan mekanik serta pengalaman bermain para bintang muda di scene kompetitif membuat MBR Epsilon semakin berkembang di musim ini.\n\nTentunya racikan strategi ManggisKun dan Fluent membuat tim semakin kuat. Menjadikan MBR sebagai sosok &amp;#8216;ancaman senyap&amp;#8217; bagi Kagendra.\n\n3. VESAKHA ESPORTS\n\nTerakhir, ada Vesakha Esports yang saat ini menempati peringkat ke-4 klasemen sementara dengan total 364 poin.\n\nTim yang berada di bawah asuhan pelatih Yudha &amp;#8220;JimmyJV&amp;#8221; Firdianto tersebut benar-benar tampil cukup impresif khususnya di week 2. Di bawah komando UwaayD sebagai IGL, bintang-bintang seperti Daviddz, Joel, Hanz dan VolldK sangat berbahaya.\n\nBahkan, Vesakha berhasil mengumpulkan total hingga 30 kill di dalam 1 match memecahkan rekor dalam FFWS ID Fall 2024 sebagai tim dengan poin eliminasi terbanyak.\n\nTentunya, membawa misi untuk membalaskan kekalahan mereka di musim lalu lineup baru Vesakha tidak dapat diremehkan.\n\nSebagai salah satu kekuatan besar, Kagendra harap waspada dengan gempuran dari pasukan Vesakha di bawah asuhan coach JimmyJV dan komando UwaayD sebagai IGL.', '2024-07-15', 'Cristian Wiranata Surbakti', 0, 1, 11),
(12, 'RESMI! Indonesia tuan rumah FFWS SEA Fall 2024', 'Indonesia FFWS SEA FALL 2024.jpg', 'FFWS SEA Fall 2024 segera hadir di Indonesia!\n\nBerakhirnya event Free Fire Esports World Cup (FF:EWC) pada Minggu (14/7) menjadi tanda bahwa scene kompetitif Free Fire akan memasuki musim baru.\n\nMusim kompetisi Fall telah bergulir dari beberapa waktu yang lalu. Khususnya di Indonesia, FFWS ID Fall 2024 telah berjalan sejak awal bulan Juli 2024.\n\nBerbicara tentang musim baru, selain kompetisi lokal akan ada kompetisi regional seperti musim Spring kemarin.\n\nFFWS SEA Spring 2024 yang lalu digelar di Ho Chi Minh City, Vietnam. Team Falcons asal Thailand sukses menjadi juara dalam kompetisi tersebut.\n\nLalu, seperti apa FFWS SEA Fall 2024 nantinya? Mari kita bahas.\n\nKemenangan Team Falcons di Free Fire Esports World Cup 2024 menggagalkan harapan Indonesia lewat EVOS Divine untuk menjadi juara dunia.\n\nPertarungan kedua tim di game terakhir menjadi salah satu momen pertarungan berdarah dan berhasil dimenangkan oleh Team Falcons, membawa mereka menjadi juara setelah sebelumnya EVOS unggul di beberapa game sepanjang babak grand Final.\n\nKompetisi FFWS SEA Fall 2024 akan menjadi momen bagi tim Indonesia untuk membalas kekalahan di Free Fire Esports World Cup karena turnamen ini hadir di Indonesia.\n\nFFWS SEA Fall 2024 akan hadir dengan format online untuk babak Knockout Stage yang dimulai tanggal 16 Agustus 2024 mendatang.\n\nSementara untuk babak Point Rush dan Grand Final akan digelar pada tanggal 11-13 Oktober 2024 di Surabaya, Indonesia.\n\nStatus sebagai tuan rumah tentunya akan menjadi buff bagi tim Indonesia untuk melucuti mahkota raja Free Fire SEA dari Team Falcons.\n\nGrand Final FFWS SEA Fall 2024 di Surabaya, Jawa Timur akan menjadi kali pertama Indonesia kembali menggelar turnamen esports Free Fire berskala Internasional.\n\nTerakhir kali, Indonesia menjadi tuan rumah turnamen esports Internasional Free Fire tahun 2019 lewat Free Fire Asia Invitational 2019.\n\nDengan semangat berkobar dalam tagline &amp;#8220;Fight For Legacy&amp;#8220;, setiap tim akan berusaha merengkuh gelar juara sebagai &amp;#8216;legacy&amp;#8217; mereka di scene esports Free Fire.', '2024-07-16', 'Cristian Wiranata Surbakti', 0, 1, 12),
(13, 'Tanggal rilis EA FC 25, pre order, dan platform yang tersedia', 'EA FC 25.jpg', 'Jelang dimulainya musim kompetisi sepak bola yang baru, penggemar selalu menantikan hadirnya versi terbaru dari game kesayangannya, termasuk tanggal rilis EA FC 25. Selain bisa berharap mendapat penyesuaian kemampuan pemain terbaru, gameplay dan pengalaman bermain lebih baik menjadi salah satu yang paling dinantikan.\n\nSebagai salah satu game sepak bola paling populer, tanggal rilis EA FC 25 dipercaya menjadi yang paling dinantikan oleh seluruh penggemar di seluruh dunia. Selain gameplay dan mode permainan yang menyenangkan, faktor lisensi menjadi keunggulan utama game ini lebih dari 20 tahun terakhir.\n\nEA Sports sebagai developer game telah mengungkapkan kapan tanggal rilis EA FC 25. Versi asli dari game ini sudah bisa dinikmati oleh penggemar pada 27 September 2024.\n\nMeski demikian, bagi beberapa penggemar beruntung atau terdaftar dari EA Sports, mereka sudah bisa mencicipi game ini melalui early access pada 20 September 2024 atau sepekan sebelum game ini resmi dirilis secara global.\n\nKetika dirilis nanti, game ini juga memiliki beberapa versi untuk dipilih para pemain. Bagi mereka yang sudah memiliki keinginan bulat untuk memiliki EA FC 25 bisa membeli game ini, baik untuk versi Stardard Edition atau Ultimate Edition. Namun bagi mereka yang masih ingin mencoba, ada opsi EA Play Trial dan EA Play Pro yang bisa digunakan.\n\nDengan membeli Ultimate Edition, tentu saja lebih mahal tetapi ada banyak benefit yang bisa didapat ketika game ini dirilis. Benefit tersebut berupa untradeable Ultimate Team Hero player item, tujuh hari mencicipi early access, 4600 FC Points (3850 FC Points untuk Nintendo Switch), player evolution slot, dan early access rush rewards.\n\nTerakhir, EA FC 25 ini juga tersedia di berbagai platform bermain kesayangan kalian, yaitu PlayStation 5, PlayStation 4, Xbox Series X|S, Xbox One, Nintendo Switch, dan PC.', '2024-08-05', 'Verdi Hendrawan', 0, 1, 13),
(14, 'Tuan rumah Valorant Masters 2025 ditetapkan, Riot Games pilih 2 kota baru!', 'Valorant Masters 2025.jpg', 'Riot Games telah memilih tuan rumah Valorant Masters 2025!\n\nKabar mengejutkan datang dari Riot Games di mana mereka telah mengumumkan skema turnamen di tahun 2025 untuk Valorant Champions Tour (VCT).\n\nSeperti yang kita ketahui, Valorant Champions Tour (VCT) terdiri atas berbagai event mulai dari Kickoff, Masters, International League di 4 region utama dan Champions.\n\nRiot Games membawa perubahan besar untuk Valorant Masters 2025 di mana mereka akan membawa dua lokasi baru sebagai tuan rumah.\n\nPada tahun 2024, Valorant Masters digelar di Madrid, Spanyol dan Shanghai, Cina. Kedua event berjalan dengan meriah.\n\nKe mana Valorant Masters 2025 akan berlabuh? Mari kita bahas.\n\nPada Rabu, (21/8) Riot Games diwakilkan oleh Leo Faria sebagai Global Head of Valorant Esports dan Anna Donlon sebagai Valorant Studio Lead membawakan berbagai informasi terkait event esports di VCT 2024 dan VCT 2025.\n\nUntuk VCT 2025, Anna menyatakan bahwa Riot Games akan menghadirkan event berskala global Masters dan Champions ke tiga lokasi yang berbeda.\n\n&amp;#8220;Sekarang, mari kita lihat ada apa di tahun 2025. Dengan bangga, kami membawa event berskala global kami ke tiga lokasi yang berbeda tahun depan!&amp;#8221; ucap Anna.\n\nAnna menambahkan, tuan rumah Valorant Masters yang pertama di tahun 2025 adalah Asia Tenggara di mana Bangkok terpilih menjadi destinasi.\n\n&amp;#8220;Untuk Valorant Masters pertama di tahun 2025, digelar bulan Februari akan hadir di Asia Tenggara di Bangkok!,&amp;#8221; tuturnya.\n\nSelain itu, Anna juga menambahkan bahwa untuk Valorant Masters yang kedua pada tahun 2025 akan hadir di Toronto, Kanada.\n\n&amp;#8220;Dari sana, kami akan membawa VCT ke pesisir timur Amerika Utara kali ini dengan Valorant Masters Toronto di bulan Juni,&amp;#8221; tambah dia.\n\nMenarik untuk disaksikan seperti apa nantinya Valorant Masters 2025 digelar di Bangkok dan Toronto sebagai tuan rumah.\n\nSebagai catatan, sebelumnya gelaran VCT Ascension Pacific 2023 juga digelar di Bangkok, Thailand di mana Bleed Esports keluar sebagai juara.\n\nAnimo para penggemar scene kompetitif Valorant yang begitu luar biasa menjadi faktor pendorong pemilihan tuan rumah Masters.', '2024-08-21', 'Cristian Wiranata Surbakti', 0, 1, 14),
(15, ' RRQ lolos ke playoff KC 2024 Indonesia Qualifier, ada andil BTR', 'RRQ KC 2024.jpg', 'Setelah berada di posisi yang tidak aman di sepanjang fase grup, Team RRQ lolos ke playoff KC 2024 Indonesia Qualifier setelah memastikan kemenangan di match terakhir Grup A pada hari kedua week 3, Sabtu (7/9). Sang Raja berhak melaju ke fase berikutnya usai mampu menundukkan Team Heian dengan skor 2-0.\n\nMenghadapi Team Heian sebagai salah satu tim komunitas di yang lolos di KC 2024 Indonesia Qualifier ini, Team RRQ tampil ganas. Mereka mampu mendominasi permainan di dua game yang ada, meski tim lawan bukan tampil tanpa perlawanan di match ini.\n\nPada game pertama, Team Heian mampu memberikan perlawanan kepada RRQ, meski hanya terlihat dari skor kill yang ada. Namun secara keseluruhan, Nightmare dkk tampil lebih baik dan memiliki peluang lebih besar untuk meraih kemenangan yang baru terjadi di menit ke-13.\n\nSementara di game kedua, situasinya berubah drastis. Kali ini Team RRQ tampil sangat mendominasi permainan sejak awal dan membuat Team Heian tidak bisa berbuat banyak untuk memberikan perlawanan. Bahkan game kedua ini sudah harus berakhir sebelum permainan genap berlangsung selama 10 menit.\n\nHasil ini membuat RRQ lolos ke playoff KC 2024 Indonesia Qualifier setelah berhasil naik satu peringkat ke posisi 4 klasemen akhir menyalip Voin Esports, meski kedua tim sama-sama memiliki rekor dua kemenangan dan tiga kekalahan. Namun Sang Raja layak berada di posisi yang lebih tinggi karena unggul secara game point 6-6 berbanding 4-7.\n\nKepastian ini pun membuat RRQ lolos ke playoff KC 2024 Indonesia Qualifier setelah sebelumnya selalu berada di zona merah Grup A. Namun di playoff, Nightmare dkk akan memulai perjalanan mereka dari lower bracket karena gagal finis di posisi dua besar klasemen akhir.\n\nKeberhasilan Team RRQ lolos ke playoff KC 2024 Indonesia Qualifier ini memang didapat setelah mereka mampu meraih kemenangan atas Team Heian. Namun di sisi lain, ada kontribusi dari Bigetron Sigma juga yang memuluskan langkah Sang Raja dalam hal ini.\n\nSebelum match Team RRQ vs Team Heian berlangsung, ada pertandingan menantukan lainnya antara Bigetron Sigma vs Voin Esports. Di pertandingan ini, Robot Merah berhasil meraih kemenangan dengan skor 2-0 untuk memastikan diri sebagai juara Grup A dari kejaran Talon Esports ID dan Mahadewa.\n\nHasil ini secara tidak langsung membuka lebar peluang Team RRQ lolos ke playoff KC 2024 Indonesia Qualifier. Pasalnya, kemenangan dengan skor berapa pun atas Heian akan mengantarkan Sang Raja untuk naik satu peringkat dan melaju ke fase berikutnya.\n\nCalon lawan Team RRQ di playoff KC 2024 Indonesia Qualifier pun masih belum diketahui karena masih harus menunggu hasil yang terjadi di hari ketiga week 3, Minggu (8/9). Sang Raja akan berhadapan dengan salah satu dari Alter Ego Enma atau Bluerim Esports yang masih berpeluang finis di peringkat ketiga klasemen akhir Grup B, mengingat posisi terbaik yang bisa didapat ONIC Esports adalah peringkat keempat.', '2024-09-07', 'Verdi Hendrawan', 0, 1, 15),
(16, ' BOOM lolos ke final PMSL SEA Fall 2024, putus kutukan The Beasts!', 'Boom PMSL SEA FALL 2024.jpg', 'Congratulations, BOOM lolos ke final PMSL SEA Fall 2024!\n\nGelaran PMSL SEA Fall 2024 telah memasuki akhir babak penyisihan di mana 16 tim terbaik telah meraih tiket menuju babak Grand Final.\n\nPersaingan di PMSL SEA Fall 2024 sangat menarik. Berbagai tim berhasil bangkit dan unjuk gigi mereka layak untuk menjadi juara di musim ini. Bahkan, sebagai juara bertahan back-to-back champion di tahun 2024, BOOM Esports sempat kesulitan.\n\nBermain di Indonesia, menjadi sebuah tantangan besar bagi tim-tim terbaik Tanah Air untuk menjaga dan mempertahankan tag #domINASEAsempurna.\n\nSalah satunya adalah BOOM Esports. Tidak lolos Super Sunday di week 2 memberi sebuah tekanan besar bagi The Beasts.\n\nPada week 3, misi untuk mengukir keajaiban itu tiba. Bersaing dengan tim-tim terbaik seperti Vampire, AE, dan Geek Fam, BOOM Esports hampir lolos ke Super Sunday.\n\nPerolehan 1 WWCD berhasil mengamankan posisi BOOM di Last Chance Stage. Meraih 2 WWCD di Last chance, BOOM lolos ke Super Sunday.\n\nSuper Sunday week 3 menjadi sebuah pengadilan bagi seluruh peserta. Apalagi beberapa tim Indonesia masih terancam tidak lolos ke Final.\n\nBerbeda dengan babak Group dan Last Chance, tim-tim Indonesia belum terlalu mencolok di awal Super Sunday week 3.\n\nGeek Fam berhasil mendapatkan WWCD di map pertama, Sanhok. Diikuti oleh Alliance di map kedua dan Geek Fam kembali mendapatkan WWCD di map ketiga.\n\nPada map keempat, giliran FaZe Clan asal Thailand mendapatkan WWCD kemudian diikuti oleh rekan tim senegara mereka, Vampire Esports di map kelima, Miramar.\n\nMenutup Super Sunday week 3, tim asal Vietnam Team ROY berhasil mendapatkan WWCD dan berhasil lolos ke Final untuk pertama kalinya.\n\nDengan hasil tersebut, beberapa tim asal Indonesia berhasil mengamankan tiket menuju final termasuk BOOM lolos ke final PMSL SEA Fall 2024.\n\nDari tabel di atas terlihat bahwa meski Team Pandum memiliki kesamaan poin dengan VOIN Donkey akan tetapi, Team Pandum tidak lolos karena jumlah WWCD.\n\nDengan BOOM lolos ke Final PMSL SEA Fall 2024, maka hanya Team Pandum saja 1 dari 8 tim Indonesia yang tidak akan berlaga di Grand Final.\n\nSemoga total 7 tim Indonesia yang akan berlaga di Grand Final bisa menjaga tradisi juara Indonesia di PMSL SEA.', '2024-09-03', 'Cristian Wiranata Surbakti', 0, 1, 16),
(17, 'Ronaldo Gacor Bareng Portugal, Bukti Main di Arab Tetap Kompetitif    ', 'Ronaldo.jpeg', 'Cristiano Ronaldo sukses mencetak gol dalam dua laga beruntun bersama Timnas Portugal. Hal itu menegaskan bahwa kualitasnya tak menurun meski tak lagi bermain di Eropa.\n\nRonaldo mencetak gol ke-900 dalam kariernya saat membantu Portugal mengalahkan Kroasia 2-1 di laga pertama UEFA Nations League 2024/25 pekan lalu. Tak berhenti di situ, ia kembali mencatatkan namanya di papan skor saat bertemu Skotlandia di laga kedua.\n\nDua gol tersebut seolah menjadi bukti bahwa bomber 39 tahun itu belum habis. Sebelumnya ia dihujat usai gagal mencetak gol sama sekali di Euro 2024.\n\nLebih signifikan lagi, Ronaldo tetap mampu tampil oke sekalipun sudah pindah ke Al Nassr sejak 2023. Ini menegaskan bahwa Saudi Pro League tempat ia berkiprah saat ini bukanlah liga kaleng-kaleng. Hal itu pun ditegaskan rekannya di timnas, Ruben Neves yang juga bermain di sana bersama Al Hilal.\n\n&quot;Saya mengajak orang-orang agar menonton liga Arab Saudi. Saya pernah bilang beberapa kali, jika kalian membandingkan data GPS saya sewaktu di Inggris dengan di Arab Saudi, sekarang saya berlari lebih banyak, tapi bedanya saya berlari dengan suhu 40 derajat celsius,&quot; ujar Neves seperti dikutip BBC.\n\n&quot;Secara fisik, saya baik. Saya dan Cristiano telah membuktikan bahwa Liga Arab Saudi berkualitas,&quot; tegasnya.', '2024-09-09', 'Adhi Prasetya ', 0, 2, 17),
(18, 'Indonesia Vs Australia: Tekanan Suporter Garuda, Penyemangat Socceroos    ', 'Indonesia Australia.jpeg', 'Timnas Australia akan melawan Timnas Indonesia yang mendapat dukungan penuh suporter. Socceroos berniat mengubah tekanan itu menjadi energi semangat.\n\nIndonesia vs Australia akan berlangsung di Stadion Utama Gelora Bung Karno, Jakarta. Laga babak ketiga Kualifikasi Piala Dunia 2026 Grup C itu berlangsung, Selasa (10/9/2024), kickoff pukul 19.00 WIB.\n\nSebanyak 70 ribu suporter akan menghadiri Indonesia vs Australia. Bahkan, La Grande Indonesia sudah menyiapkan koreografi khusus untuk laga itu.\n\nPemain Australia, Alessandro Circati, menegaskan tak gentar dengan tekanan puluhan ribu suporter. Dia malah menjadikan itu sebagai sumber semangat.\n\n&quot;Saya tidak menganggapnya sebagai permusuhan, Saya pikir itu seharusnya menjadi energi untuk menyalakan semangat. Itu seharusnya membuat anda bersemangat, atau setidaknya diri saya, itu memompa semangat saya,&quot; kata Circati di Canberra Times.\n\n&quot;Ini membuat saya lebih ingin memetik kemenangan --untuk bermain melawan para suporter yang bisa bersorak melawan anda, hanya untuk membuktikan mereka salah dan benar-benar menunjukkan pada mereka \'lihat, 70.000, kamu tak membuat cara bermain saya berbeda,&quot; kata dia menambahkan.\n\nPada pertemuan terakhir, Indonesia kalah telak dari Australia. Di babak 16 besar Piala Asia 2023, tim Merah-Putih tumbang 0-4 saat melawan tim asuhan Graham Arnold.', '2024-09-09', 'Lucas Aditya', 0, 2, 18),
(19, 'Motivasi Jay Idzes di Kualifikasi Piala Dunia 2026    ', 'Jay Idzes.jpeg', 'Timnas Indonesia memulai ronde ketiga Kualifikasi Piala Dunia 2026 dengan baik. Sang bek Jay Idzes punya motivasi besar dengan memberikan segalnya buat Merah Putih.\r\n\r\nTimnas Indonesia mencuri satu poin saat menghadapi tuan rumah Arab Saudi di matchday pertama Grup C ronde ketiga Kualifikasi Piala Dunia 2026 Zona Asia, dengan skor akhir 1-1. Selanjutnya, Skuad Garuda menjamu Australia pada Selasa (10/9) pukul 19.00 WIB di Stadion GBK.\r\n\r\nJay Idzes ditunjuk jadi kapten Timnas Indonesia di laga kontra Arab Saudi, karena Jordi Amat absen. Jay mengaku bangga.\r\n\r\n&quot;Saya merasa sangat bangga dengan kesempatan menjadi kapten. Kami memainkan laga yang ketat, tapi senang bisa mendapat poin,&quot; tulisnya di sosial media pribadinya.\r\n\r\nAustralia bakal jadi lawan berat selanjutnya. Jay Idzes punya motivasi, untuk bermain habis-habisan buat Timnas Indonesia dan lanjutkan start yang oke!\r\n\r\n&quot;Kami akan memberikan segalanya untuk negara ini dan bikin Anda bangga. Kami akan butuh dukungan Anda lagi,&quot; lanjut bek Venezia tersebut.\r\n\r\n&quot;Ini baru awal, Kita Garuda,&quot; tutupnya.', '2024-09-09', 'Afif Farhan', 0, 2, 19),
(20, 'Cristiano Ronaldo Menuju 1.000 Gol    ', 'Ronaldo 1000 Gol.jpeg', 'Cristiano Ronaldo terus menyumbang gol. Penyerang Portugal itu disebut sedang menuju catatan 1.000 golnya.\r\n\r\nTerbaru, Ronaldo menyumbang satu gol saat Portugal mengalahkan Skotlandia 2-1 di UEFA Nations League 2024/2025. CR7 menjadi pahlawan kemenangan Selecao das Quinas di Estadio da Luz, Lisbon, Senin (9/9/2024) dini hari WIB.\r\n\r\nPortugal sempat ketinggalan lewat aksi Scott McTominay di menit ke-7. Tim asuhan Roberto Martinez baru membalas di babak kedua, lewat gol Bruno Fernandes di menit ke-54 dan Ronaldo pada menit ke-89.\r\n\r\nGol ke gawang Skotlandia membuat Ronaldo terus menambah pundi-pundinya. Itu menjadi gol ke-901 sepanjang kariernya bermain.\r\n\r\nSebelumnya, Cristiano Ronaldo mencatat milestone gol ke-900 saat melawan Kroasia. Kini, penyerang 39 tahun itu disebut mulai mengejar rekor 1.000 gol.\r\n\r\n&quot;Pengaruhnya selalu sama, terlepas dari apakah dia memulai dari bangku cadangan atau tidak. Setiap orang yang masuk telah membuat perbedaan,&quot; kata Bruno Fernandes, dilansir Goal.\r\n\r\n&quot;Cristiano membuat sebuah gol, hari ini dia mencetak golnya yang ke 901 dan sekarang dia sedang menuju ke angka seribu, yaitu apa yang dia inginkan,&quot; ungkap gelandang Portugal tersebut.\r\n\r\nDari 901 gol, rincian Cristiano Ronaldo adalah sebanyak 450 dicetak di Real Madrid,  45 di Manchester United,  132 di Portugal,  101 di Juventus, 6 8 Al Nassr, dan  5 Sporting Lisbon. Tak ada pemain aktif yang bisa membuat gol sebanyak itu saat ini. ', '2024-09-09', 'Yanu Arifin', 0, 2, 20),
(21, 'Carlo Ancelotti Belum Mau Pensiun dari Dunia Pelatih    ', 'Carlo Ancelotti.jpeg', 'Carlo Ancelotti belum terpikirkan pensiun meski sudah meraih banyak gelar sebagai pelatih. Juru taktik Real Madrid ini masih bersemangat melatih tim.\n\nAncelotti sudah menginjak usia 65 tahun pada Juni lalu. Meski sudah berkepala enam, Don Carlo masih nyaman menghadapi tekanan sebagai pelatih.\n\nReal Madrid asuhannya saat ini berada dalam masa-masa kejayaan. 14 trofi bergengsi sudah dipersembahkan Ancelotti dalam dua periode di Los Blancos, termasuk 2 gelar LaLiga dan 3 trofi Liga Champions.\n\nCarlo Ancelotti turut menangani pemain-pemain terbaik dunia saat ini. Tak kurang dari Kylian Mbappe, Vinicius Junior, Jude Bellingham, dan Federico Valverde berada dalam satu tim besutannya.\n\nMenangani bintang-bintang top dunia dengan skill mumpuni dan ego yang besar jelas bukan perkara mudah. Namun, Ancelotti sejauh ini dapat menangani masalah tersebut.\n\nAncelotti menilai masalah-masalah dan tekanan adalah bagian sehari-hari seorang pelatih. Eks pelatih AC Milan ini masih menikmati hal itu dan belum mau menarik diri dari pekerjaannya.\n\n&quot;Tidak ada kehidupan tanpa tekanan atau sedikit stres. Terlalu banyak stres, tidak, tetapi sedikit saja sudah cukup,&quot; kata Ancelotti, dilansir dari Marca.\n\n&quot;Hari ketika saya tidak bersemangat sebelum pertandingan adalah hari ketika saya harus berhenti. Sebelum pertandingan, ada kekhawatiran, ada perasaan negatif, berpikir pertandingan tidak akan berjalan baik, bahwa lawan akan mencetak gol... Saat pertandingan dimulai, semuanya berhenti. Jadi, Anda harus mencari ketenangan untuk menangani situasi permainan,&quot; sambungnya.\n\n&quot;Saya akan terus melatih hingga semangat saya untuk sepakbola padam. Beberapa hal hebat telah terjadi dalam hidup saya, beberapa momen sulit. Hidup saya normal. Saya beruntung memiliki pekerjaan yang menjadi gairah saya. Saya berterima kasih kepada epak bola karena telah memberi saya kesempatan itu.&quot;\n\n&quot;Saya masih merasa gugup sebelum pertandingan, saya merasa tertekan, dan selama itu tidak berubah, saya akan terus di sini. Ya, saya melihat diri saya akan menjadi pelatih untuk waktu yang lama,&quot; Ancelotti mengungkapkan.\n\n', '2024-09-08', 'Bayu Baskoro ', 0, 2, 21),
(22, 'Lamine Yamal Coba Abaikan Perbandingan dengan Messi    ', 'Lamine Yamal.jpeg', 'Lamine Yamal kerap dibanding-bandingkan dengan Lionel Messi. Tak mau terlena, Yamal mencoba fokus ke dirinya sendiri.\n\nYamal mencuri perhatian sejak debut di tim utama Barcelona di usia 15 tahun. Namanya semakin meroket usai tampil apik bersama Spanyol di Euro 2024.\n\nYamal dinobatkan sebagai Pemain Muda Terbaik di Euro 2024 lalu. Pemain berusia 17 tahun itu mencetak satu gol dan empat assist selama turnamen.\n\nPerbandingan dengan Messi pun tak terelakkan, apalagi keduanya sama-sama jebolan La Masia. Meski demikian, Yamal mencoba mengabaikannya.\n\n&quot;Yang paling penting adalah tidak memperhatikannya,&quot; ujar Yamal kepada L\'Equipe seperti dilansir Football Espana.\n\n&quot;Dibanding-bandingkan dengan yang terbaik dalam sejarah berarti Anda melakukan hal yang tepat. Itu tidak mengganggu saya, tapi saya mencoba menjadi diri sendiri.&quot;\n\nBerkat penampilan impresifnya, Yamal jadi salah satu dari 30 pemain yang masuk nominasi Ballon d\'Or 2024.\n\n&quot;Saya ingin meninggalkan jejak di sepakbola,&quot; kata Lamine Yamal.', '2024-09-06', 'Novitasari Dewi Salusi', 0, 2, 22);
INSERT INTO `posts` (`id`, `title`, `img`, `body`, `date`, `author`, `view`, `category_id`, `url_id`) VALUES
(23, 'Brace yang Membawa Kylian Mbappe Masuk Daftar Elite Real Madrid    ', 'Mbappe.jpeg', 'Sempat kesulitan, Kylian Mbappe akhirnya bisa pecah telur dan memborong dua gol untuk Real Madrid. Bintang asal Prancis itu masuk daftar elite Los Blancos.\r\n\r\nMbappe akhirnya bisa membuat gol di LaLiga untuk Madrid. Setelah mejan di tiga laga sebelumnya, pemain 25 tahun itu bisa mencatatkan namanya di papan skor.\r\n\r\nItu terjadis saat Madrid mengatasi Real Betis di pekan keempat Liga Spanyol 2024/2025. Bermain di Santiago Bernabeu, Madrid, Senin (2/9/2024) dini hari WIB, Mbappe memborong gol kemenangan 2-0.\r\n\r\nDua gol itu, sekaligus dua gol pertama Mbappe di LaLiga untuk Madrid, rupanya berbuah catatan manis. Opta mencatat, ia menjadi pemain keempat yang bisa melakukannya.\r\n\r\nOpta menyebut, Kylian Mbappe mengikuti jejak Ronaldo, Javier Hernandez \'Chicharito\', dan Dani Ceballos, yang langsung membuat dua gol pertamanya di satu pertandingan Real Madrid. Catatan lebih baik masih dipegang Ruud van Nistelrooy, yang langsung memborong hat-trick saat pecah telur.\r\n\r\nMbappe sendiri sempat punya debut manis untuk Madrid. Di Piala Super Eropa, ia menyumbang satu gol saat mengalahkan Atalanta.\r\n\r\nNamun di LaLiga, Kylian Mbappe malah kesulitan. Setelah absen bikin gol ke gawang Real Mallorca, Real Valladolid, dan Las Palmas, baru melawan Real Betis gol lahir dari kakinya.\r\n\r\nReal Madrid sendiri kini berada di urutan dua klasemen Liga Spanyol dengan 8 poin. Anak asuh Carlo Ancelotti masih do bawah Barcelona, yang sempurna di empat laga pertamanya.', '2024-09-02', 'Yanu Arifin', 0, 2, 23),
(24, 'Satu Hal yang Bikin Shearer Ragu Haaland Akan Patahkan Rekor Golnya    ', 'Haaland.jpeg', 'Alan Shearer masih memegang rekor sebagai top skor sepanjang masa Premier League. Erling Haaland berpeluang mematahkannya, tapi Shearer punya keraguan.\r\n\r\nShearer tercatat sebagai pencetak gol terbanyak di Premier League dengan 260 gol. Harry Kane berada di urutan kedua dengan 213 gol.\r\n\r\nSaat ini, Mohamed Salah menjadi satu-satunya pemain yang masih aktif yang ada di 10 besar daftar top skor sepanjang masa Premier League. Penyerang Liverpool itu mengemas 160 gol.\r\n\r\nHaaland sendiri menunjukkan sinyal kuat sebagai salah satu striker top di Premier League sejak gabung Manchester City pada 2022. Memasuki musim ketiganya di Premier League, striker asal Norwegia itu sudah mencetak 70 gol.\r\n\r\nShearer percaya Haaland punya peluang besar untuk mematahkan rekor golnya di Premier League. Namun, ketidakpastian di City bisa membuat Haaland meninggalkan Premier League sebelum mematahkan rekor Shearer.\r\n\r\n&quot;Saya kira kalau Harry Kane kembali ke Premier League dalam beberapa tahun, maka dia mungkin punya peluang untuk mematahkan rekor saya, tapi tidak diragukan kalau Erling Haaland tetap di sini selama lima atau enam tahun lagi, dengan cara dia tampil, maka dia jelas akan memecahkannya,&quot; ujar Shearer seperti dilansir Mirror.\r\n\r\n&quot;Tapi kita lihat saja nanti, kita tidak tahu apa yang akan terjadi dengan Man City dan tuntutannya, kita tidak tahu apa yang akan terjadi dengan Pep Guardiola dan eranya di klub.&quot;\r\n\r\n&quot;Itu pertanyaan besar, bukan cuma untuk klub dan manajer tapi juga para pemain yang ada di klub juga. Tapi, jika Haaland tetap di Premier League maka jelas, dia akan mematahkan rekor saya,&quot; kata Shearer.', '2024-09-05', 'Novitasari Dewi Salusi', 0, 2, 24),
(25, 'Kata Roy Keane, Ronaldo Masih Paling Hebat di Dunia dalam Hal Ini    ', 'Cristiano Ronaldo.jpeg', 'Dalam satu pekan ini, Cristiano Ronaldo sudah tembus 900 gol. Roy Keane, mantan rekan setimnya di Manchester United, bicara soal kelihaian CR7.\r\n\r\nPortugal menyudahi dua laga terakhirnya di UEFA Nations League dengan kemenangan 2-1. Ada Kroasia dan Skotlandia yang secara berurutan dikalahkan Selecao das Quinas.\r\n\r\nDi kedua laga tersebut, Cristiano Ronaldo mencetak masing-masing 1 gol. Itu sekaligus menjadi golnya yang ke-900 dan ke-901 dalam karier pesepakbola 39 tahun tersebut.\r\n\r\nSelain itu, Ronaldo sekaligus menyudahi paceklik setelah masa-masa buntu gol bersama timnas Portugal di Euro 2024 ketika tidak mampu bikin satu gol pun.\r\n\r\nBicara mengenai periode paceklik yang sempat dijalani Cristiano Ronaldo, Keane menyebut bahwa hal tersebut memang memunculkan kerisauan tersendiri.\r\n\r\nNamun, Ronaldo kini sudah kembali beraksi menjebol gawang lawan lagi. Dan menurut Keane, Cristiano Ronaldo masih merupakan pemain dengan naluri bikin gol luar biasa.\r\n\r\n&quot;Sebelumnya, itu memang sempat memunculkan kekhawatiran.. Tapi ia sudah tembus 900 gol,&quot; kata Keane kepada ITV.\r\n\r\n&quot;Jika Anda mengirim bola ke area tersebut, ia masih merupakan yang terbaik di dunia,&quot; ucapnya merujuk pada kemampuan Ronaldo di area depan gawang lawan.', '2024-09-09', 'Kris FW', 0, 2, 25),
(26, 'Ronaldo: Lamine Yamal Akan Jadi Pemain Terbaik di Generasinya    ', 'Yamal.jpeg', 'Penampilan sensasional Lamine Yamal mengesankan Cristiano Ronaldo. Pemain ikonik Portugal itu percaya, Yamal akan jadi pemain terbaik di generasinya.\n\nYamal, 17 tahun, sukses mengemas tujuh gol dan sembilan assist untuk Barcelona di musim penuh pertamanya pada 2023/24. Performa impresif Yamal berlanjut di level internasional dengan jadi pemain kunci Spanyol merebut Piala Eropa.\n\nLamine Yamal menjadi starter di enam dari tujuh pertandingan La Roja, dengan torehan satu gol dan empat assist. Yamal mengkreasikan gol pemecah kebuntuan Spanyol di final, dan pada prosesnya didapuk sebagai pemain muda terbaik turnamen.\n\nAlhasil Lamine Yamal menciptakan berbagai ekspektasi tinggi, bahkan mulai kerap dibanding-bandingkan dengan mantan megabintang Barcelona Lionel Messi. Ronaldo mengatakan, Yamal sedang menuju masa depan yang cerah tapi harus bisa mengelola kebugarannya.\n\n&quot;Dia punya sebuah potensi yang sangat besar,&quot; sahut pemain terbaik dunia lima kali itu dalam perbincangannya dengan Rio Ferdinand. &quot;Aku melihat ada bakat yang besar, tapi kita lihat saja apa yang terjadi di dalam perjalanan dia.&quot;\n\n&quot;Tapi kurasa dia akan berhasil. Dia akan menjadi pemain terbaik di generasi baru ini,&quot; sambung Cristiano Ronaldo dikutip ESPN.\n\n&quot;Dia membutuhkan keberuntungan karena dia masih sangat muda. Kuharap dia tidak mendapatkan masalah [banyak cedera]. Dia berada di tempat yang akan sangat membantu dia. Timnas Spanyol itu sangat bagus,&quot; mantan bintang Real Madrid, Manchester United, dan Juventus itu menambahkan.\n\nEmpat gol dan empat assist sudah diceploskan Lamine Yamal dalam enam pertandingan Barcelona di awal musim ini. Kontribusi Yamal membantu Blaugrana memenangi empat pertandingan pertama di liga, sebelum tumbang di pertandingan kelima melawan AS Monaco 1-2 di laga pembuka Liga Champions.', '2024-09-20', 'Okdwitya Karina Sari', 0, 2, 26),
(27, 'Dua Prioritas Incaran Real Madrid Selanjutnya    ', 'Wirtz.jpeg', 'Real Madrid memprioritaskan dua pemain baru di bursa transfer musim panas selanjutnya. Satunya gelandang tengah dan satunya lagi bek, tebak siapa?\n\nReal Madrid tidak banyak membeli pemain-pemain baru di bursa transfer musim panas 2024. Cuma Kylian Mbappe yang didapatkan dengan bebas transfer dan Endrick yang dibeli dari Palmeiras.\n\nDi bursa transfer musim panas 2025, Real Madrid sudah ancang-ancang. Dikabarkan media-media lokal Spanyol, ada dua nama yang diprioritaskan akan diincar.\n\nMereka adalah gelandang tengah Florian Wirtz dari Bayer Leverkusen dan bek kiri Alphonso Davies dari Bayern Munich!\n\nBek kiri Alphonso Davies belum memperpanjang kontraknya yang bakal habis di Bayern pada musim panas 2025. Pemain berusia 23 tahun itu bisa didapatkan secara gratis saat kontraknya habis.\n\nFlorian Wirtz masih terikat kontrak di Leverkusen sampai musim panas 2027. Real Madrid setidaknya harus merogoh kocek mulai dari 100 juta Euro atau setara Rp 1,7 triliun!', '2024-09-17', 'Afif Farhan', 0, 2, 27),
(28, 'Presiden FIFA Akan Hadiri Peresmian TC Timnas Indonesia di IKN    ', 'Peresmian TC Timnas.jpeg', 'Presiden FIFA Gianni Infantino akan turut menghadiri peresmian Training Center (TC) Timnas Indonesia di Ibu Kota Nusantara (IKN) pada 11 Oktober 2024. Itu dikonfirmasi Ketum PSSI, Erick Thohir.\n\nPSSI Erick Thohir menyampaikan hal tersebut saat mendatangi Kantor Direktorat Jenderal Imigrasi Kemenkumham, Jakarta, Kamis (19/9/2024). Gianni dijadwalkan menjadi salah satu tokoh yang datang selain Presiden RI Joko Widodo.\n\n&quot;Insyaallah Pak Menteri (Menkumham, Supratman Andi Agtas), nanti bersama Pak Presiden dan tentu akan hadir. Presiden FIFA Insyaallah mendarat dari hasil ASEAN Summit tanggal 10 (September),&quot; kata Erick Thohir.\n\n&quot;Lalu nanti pembukaan training yang ada di sana itu tanggal 11 training center yang ada di IKN sekalian tanda tangan yang namanya official opening ya. FIFA juga akan mendatangi,&quot; ujarnya menambahkan.\n\nFIFA dilibatkan karena dana pembangunannya turut dibantu dari badan sepakbola dunia itu. Program bantuan dana pembangunan TC Timnas Indonesia itu diwujudkan lewat program FIFA Forward.\n\nPSSI mendapatkan dana hibah dari FIFA senilai Rp 85,6 miliar sebagaimana disampaikan pada Maret 2023. Adapun dana bantuan FIFA itu diberikan ke PSSI pada April 2024.\n\nDana itu dimanfaatkan PSSI untuk membangun dua lapangan sintetis, bangunan penginapan untuk pemain dan staf pelatih, serta beberapa fasilitas olahraga.\n\nSaat ini pembangunannya diklaim sudah hampir selesai. Tinggal beberapa sentuhan akhir untuk rampung 100 persen.', '2024-09-19', 'Muhammad Robbani', 0, 2, 28),
(29, 'AFC Champions League 2: Persib Tumbang 0-1 dari Port FC    ', 'Persib.jpeg', 'Persib tumbang 0-1 dari Port FC dalam matchday pertama babak penyisihan grup AFC Champions League 2 musim ini. Pertahanan Maung Bandung jebol di pengujung laga.\n\nBermain di Jalak Harupat, Kamis (19/9/2024), Port FC tampil lebih dominan di babak pertama, namun enam percobaan yang mereka lepaskan tak ada yang mengarah tepat ke gawang Persib yang dijaga Kevin Ray Mendoza.\n\nPersib pun demikian. Mereka kesulitan membongkar pertahanan tim tamu. Tembakan Edo Febriansah pada menit ke-13 melambung di atas gawang, sama halnya dengan tembakan Ryan Kurnia di menit ke-25. Skor 0-0 menutup babak pertama.\n\nPada babak kedua, Port FC masih unggul dalam penguasaan bola, namun Persib bukan tanpa perlawanan. Beckham Putra berhasil melepaskan tembakan tepat sasaran pada menit ke-70, namun sukses ditepis kiper Worawut Srisupha.\n\nTak mau kalah, Port FC membalas semenit kemudian via tembakan keras Bordin Phala ke sudut kanan gawang Persib, namun Kevin dengan gemilang menepisnya. Baru di menit ke-90 mereka sukses menjebol tuan rumah.\n\nKevin Deeromram yang menerima umpan terobosan di sisi kiri kemudian mengirim crossing mendatar kepada Willen yang berdiri bebas di kotak penalti. Dengan tenang, striker Brasil itu menjebol gawang Kevin. Skor 1-0 bertahan hingga usai.\n\nDengan hasil ini, Persib menempati urutan ketiga klasemen sementara Grup F dengan nirpoin. Tim asuhan Bojan Hodak unggul selisih gol dari Zhejiang yang kalah 0-2 dari Lion City Sailors. Sedangkan Port FC berada di urutan dua dengan tiga poin, kalah selisih gol dari Lion City Sailors yang berada di puncak.\n\n\r\nSusunan pemain\n\nPersib: Kevin Ray Mendoza, Henhen Herdiana, Nick Kuipers, Gustavo Franca, Mateo Kocijan, Edo Febriansah, Adam Alis (Tyronne del Pino 64\'), Dedi Kusnandar (Marc Klok 64\'), Beckham Putra (Rachmat Irianto 78\'), Ryan Kurnia (Ciro Alves 64\'), Dimas Drajad (Mailson Lima 79\').\r\n \r\nPort FC: Worawut Srisupha, Kevin Deeromram, Isaac Honny, Irfan Fandi (Chalermsak Aukkee 61\'), Bordin Phala, Sittha Boonlha (Peeradon Chamratsamee 46\'), Tanaboon Kesarat (Worachit Kanitsribampen 46\'), Asnawi Mangkualam, Suphanan Bureerat, Teerasak Poeiphimai (Pathompol Charoenrattanapirom 67\'), Lonsana Doumbouya (Willen 67\').', '2024-09-19', 'Adhi Prasetya', 0, 2, 29),
(30, 'Start Liga Champions \'Rasa\' Super League: 1 Gol Setiap 26 Menit    ', 'UCL.jpg', 'Liga Champions yang mulai memakai format baru sudah separuh jalan di matchday pertama. Berikut statistik sejauh ini.\n\nTidak ada lagi fase liga di ajang Liga Champions 2024/2025. Penggantinya adalah fase liga, yang melibatkan total 36 tim peserta. Format baru itu adalah cara UEFA merespons wacana Super League, yang melibatkan tim-tim top Eropa.\n\nDengan format barunya, Liga Champions diharapkan bisa lebih &quot;menggigit&quot; karena bertambah besarnya kemungkinan tim-tim top sudah langsung berhadapan di fase liga.\n\nSejauh ini, matchday pertama Liga Champions dengan format baru tersebut memang sudah menghadirkan laga-laga sengit big match. Sebut saja comeback Liverpool di kandang Milan dengan kemenangan 3-1. Atau hasil seri Man City vs Inter.\n\nTotal 12 laga sudah dimainkan di matchday pertama Liga Champions 2024/2025. Matchday pertama masih menghadirkan rangkaian pertandingan berikutnya sampai dengan Jumat (20/9) dini hari WIB.\n\nDari pertandingan yang sudah dimainkan sejauh ini, fase ini cukup memperlihatkan adanya produktivitas. Sudah ada 41 gol yang lahir.\n\nDengan jumlah pertandingan yang sudah dimainkan sebanyak 12 kali, ada rata-rata 3,42 gol pertandingan. Atau, merujuk situs UEFA, ada 1 gol yang lahir dalam setiap 26 menit waktu pertandingan di Liga Champions sejauh ini.\n\nJumlah itu sendiri sejatinya tidak lepas dari adanya 11 gol yang lahir ketika Bayern Munich berhadapan dengan Dinamo Zagreb. Bayern pesta 9-2 di laga tersebut.\n\nMasih terlalu dini melihat apakah tren produktivitas itu akan berlanjut sepanjang musim. Satu hal yang pasti, musim Liga Champions kali ini berjalan cukup panjang sampai dengan 8 matchday di fase liga sebelum mulai masuk fase gugur.\n\n', '2024-09-19', 'Kris FW', 0, 2, 30),
(31, '4 Paslon Gubernur dan Wagub Penuhi Syarat Administratif Maju di Pilkada Jawa Barat 2024', 'KPU.jpg', 'Komisi Pemilihan Umum (KPU) Jawa Barat telah menerima hasil perbaikan dokumen 4 pasangan bakal calon gubernur dan wakil gubernur untuk Pilkada 2024.\r\n\r\nKPU menyatakan, keempat paslon yakni Dedi Mulyadi-Erwan Setiawan, Ahmad Syaikhu-Ilham Habibie, Acep Adang-Gitalis Dwinatarina (Gita KDI), dan Jeje Wiradinta-Ronal Surapraja memenuhi syarat maju di Pilkada Jawa Barat 2024.\r\n\r\n\"Hasil verifikasi administrasi terhadap seluruh syarat calon. Keempat bakal paslon telah memenuhi syarat administrasi. Dan pada hari ini hasilnya sudah kami sampaikan kepada tim bakal paslon dan Bawaslu,\" ujar Ketua Divisi Sosialisasi, Pendidikan Pemilih dan Partisipasi Masyarakat (Sosdiklih Parmas) KPU Jabar Hedi Ardia, dalam keterangan resminya, Sabtu (14/9/2024).\r\n\r\nHedi mengatakan, setelah proses ini, KPU menyampaikan hasil verifikasi ini untuk selanjutnya adalah mendengar tanggapan masyarakat yang dimulai 15 sampai 18 September 2024.\r\n\r\nMasyarakat bisa memberikan tanggapan atau masukan untuk keempat paslon tersebut melalui laman infopemilu.kpu.go.id atau datang langsung ke kantor KPU Jabar di Jalan Garut, Kota Bandung.\r\n\r\nDia mengatakan, bagi masyarakat yang akan memberikan masukan harus mengisi identitas. Lalu, mengisi jenis masukan dan tanggapan berupa dukungan atas calon atau paslon.\r\n\r\nKemudian juga, kata Hedi, masukan dan tanggapan masyarakat terkait paslon, status sebagai mantan terpidana dan terpidana.\r\n\r\nIni termasuk jenis tindak pidananya serta hasil penelitian persyaratan administrasi calon atau penelitian perbaikan persyaratan administrasi calon.\r\n\r\n\"Pemberi masukan dan tanggapan harus menguraikannya dan mengunggah dokumen KTP-el atau dokumen bukti penunjang yang relevan. Masukan dan tanggapan masyarakat ini hanya berlaku pada 15-18 September 2024,\" kata dia.\r\n\r\nDia menambahkan, setelah proses tanggapan masyarakat selesai, KPU Jabar akan memproses klarifikasi mengenai tanggapan tersebut pada 21 September 2024.\r\n\r\nMengingat, 22 September 2024 masuk tahapan penetapan paslon.\r\n\r\n\"Sedangkan pada 23 September akan dilakukan pengundian dan pengumuman nomor urut paslon gubernur dan wakilnya,\" tutur Hedi.', '2024-09-14', 'Faqih Rohman Syafei', 0, 3, 31),
(32, 'Soroti Masalah Sampah di Jabar, Dedi Mulyadi Ingin Gaji Tukang Sapu Jalan Sesuai UMK', 'Dedi Mulyadi.jpeg', 'Calon Gubernur Jawa Barat (Jabar), Dedi Mulyadi, menyoroti perihal upah tukang sapu sampah di jalanan kabupaten dan kota di Jabar.\n\nMenurut Dedi, upah penyapu jalan hingga saat ini masih tidak layak. Dia mencotohkan, di Kabupaten Karawang, tukang sapu jalan hanya digaji sebesar Rp 1,8 juta per bulan, padahal Upah Minimum Kabupaten (UMK) Karawang mencapai Rp 5 juta.\n\n&quot;Tukang sapu selama ini tidak pernah dihargai. Status kepegawaiannya ada di kabupaten atau kota. Saya kira gubernur bisa bicara dengan (pemerintah) kabupaten dan kota agar upah mereka menjadi layak,&quot; kata Dedi, Rabu (11/9/2024) malam, dikutip dari TribunJabar.id.\n\nDedi berharap, nantinya para tukang sapu ini bisa mendapat upah sesuai UMK, memiliki jaminan kesehatan, dan jaminan kecelakaan kerja.\n\n&quot;Mereka kerjanya full, hari libur saja kerja. Jadi intinya pemerintah harus hadir dalam bentuk kebijakan yang berpihak kepada yang lemah,&quot; ujar Dedi.\n\nUntuk mendukung rencana tersebut, Dedi mengatakan, dia berencana membangun Pembangkit Listrik Tenaga Sampah (PLTSa) di sejumlah tempat di Jabar jika terpilih menjadi gubernur pada Pilkada Jabar 2024.\n\n&quot;Kalau anggarannya masuk pada perubahan APBD 2025, maka PLTSa ini sudah bisa dieksekusi pada tahun 2026,&quot; ucap Dedi setelah acara KDM Menyapa Warga Jabar Istimewa di Lapangan Luar GOR Padjadjaran, Kota Bogor, Jabar.\n\nPLTSa itu juga diharapkan bisa menyelesaikan persoalan sampah di Jabar yang selama ini tak kunjung selesai.\n\n&quot;Di Purwakarta, PLTSa mulai akan dibangun oleh swasta. Sampahnya itu tidak hanya berasal dari Purwakarta, tapi juga dari Karawang dan Bekasi,&quot; ungkap Dedi.\n\n&quot;Saya kira ini juga harus dibangun di berbagai tempat di Jabar. (PLTSa) Ini sangat kompetitif karena listriknya bisa dijual dengan harga murah,&quot; sambungnya.\n\nDia mengungkapkan, PLTSa ini sudah berjalan di sejumlah negara, seperti China dan Singapura. Bahkan salah satu kabupaten di Pulau Jawa pun telah memiliki teknologi tersebut.\n\n&quot;Jadi belajarnya juga tidak perlu jauh-jauh,&quot; pungkasnya.\n\nArtikel ini telah tayang di TribunJabar.id dengan judul &quot;Dorong Tukang Sapu Gaji Standar UMK, Dedi Mulyadi Juga Siap Bangun PLTSa Tahun 2026&quot;', '2024-09-12', 'Muhamad Syahrial', 0, 3, 32),
(33, 'Kesepakatan Pilkada Ulang pada 2025 jika Kotak Kosong Menang Dinilai Tepat', 'KPU.jpg', 'Direktur Eksekutif Perludem Khoirunnisa Nur Agustyati menilai, kesepakatan antara pemerintah dan DPR yang menginginkan pilkada ulang jika kotak kosong menjadi pemenang dalam Pilkada Serentak 2024 merupakan keputusan yang tepat.\r\n\r\n &quot;Menurut saya ini keputusan yang pas,&quot; ujarnya saat dihubungi Kompas.com, Rabu (11/9/2024).\r\n\r\n Khoirunnisa mengatakan, keputusan ini akan mengakomodasi daerah yang dimenangkan oleh kotak kosong sehingga tidak menunggu lama untuk memilih pemimpin mereka.\r\n\r\n&quot;Hal ini tentu tidak ideal karena daerah akan dipimpin oleh penjabat dalam waktu lima tahun,&quot; kata dia.\r\n\r\n Aturan ini pun disebut telah ada dalam Undang-Undang Pilkada Pasal 54D Ayat 3 yang menyebutkan, pemilihan pada pemenang kotak kosong akan dilaksanakan pada tahun berikutnya.\r\n\r\n Sebelumnya, Komisi II DPR RI, Komisi Pemilihan Umum (KPU), Kementerian Dalam Negeri (Kemendagri), Badan Pengawas Pemilu (Bawaslu) dan Dewan Kehormatan Penyelenggara Pemilu (DKPP) bersepakat untuk menggelar Pilkada kembali 2025 jika pilkada suatu daerah dimenangkan kotak kosong.\r\n\r\n Kesepakatan tersebut diambil dalam rapat dengar pendapat yang berlangsung pada Selasa (10/9/2024) malam dan menjadi kesimpulan sementara untuk dibahas lebih lanjut dalam rapat kerja berikutnya bersama KPU, Kemendagri, Bawaslu, dan DKPP.\r\n\r\n \"Secara bersama menyetujui Pemilihan Gubernur dan Wakil Gubernur, Bupati dan Wakil Bupati serta Walikota dan Wakil Walikota diselenggarakan kembali pada tahun berikutnya yakni tahun 2025, sebagaimana diatur dalam Pasal 54D Undang-Undang Nomor 10 Tahun 2016,\" ujar Ketua Komisi II DPR RI Ahmad Doli Kurnia, Selasa (10/9/2024) malam.', '2024-09-11', 'Singgih Wiryono', 0, 3, 33),
(34, 'Polri Gencarkan Patroli Siber untuk Amankan Pilkada 2024', 'Polri.jpg', 'Kepala Biro Penerangan Masyarakat Divisi Humas Polri Brigjen Trunoyudo Wisnu Andiko mengatakan, Polri akan melakukan patroli di dunia nyata dan dunia maya untuk memastikan keamanan pelaksanaan Pilkada serentak 2024.\r\n\r\nTrunoyudo mengatakan, sistem pemantauan digital, analisis data, serta penggunaan aplikasi mobile memungkinkan Polri untuk merespons situasi di lapangan dengan cepat dan efektif.\r\n\r\n&quot;Sistem pemantauan digital ini akan membantu kami merespons perkembangan situasi secara real-time dan melakukan koordinasi lintas sektoral dengan instansi terkait,&quot; kata Trunoyudo dalam keterangan pers, Selasa (10/9/2024).\r\n\r\n&quot;Kami akan terus memantau dunia maya untuk mencegah penyebaran hoaks dan mengantisipasi potensi kerusuhan sebelum berkembang menjadi masalah besar,&quot; ujar dia menambahkan.\r\n\r\nTrunoyudo mengatakan, Polri juga akan berkolaborasi dengan berbagai pihak karena pengamanan Pilkada tidak mungkin hanya dikerjakan oleh Polri.\r\n\r\nIa menyebutkan, Polri bakal melibatkan berbagai elemen masyarakat, seperti tokoh agama, tokoh masyarakat, serta organisasi kemasyarakatan, untuk memperkuat dukungan publik terhadap upaya menjaga keamanan selama Pilkada.\r\n\r\n&quot;Pilkada adalah tonggak penting dalam demokrasi Indonesia. Masyarakat memiliki hak untuk memilih pemimpin daerahnya, dan Polri bertugas memastikan hak ini terlaksana dengan aman,&quot; kata Trunoyuda.\r\n\r\nIa menambahkan, Polri menerapkan &quot;Asta Siap&amp;rdquo; dalam menjaga keamanan pelaksanaan Pilkada serentak 2024.\r\n\r\n\"Ini mencakup delapan persiapan seperti peranti lunak, posko, personel, latihan pra operasi, sarana dan prasarana, anggaran, keterlibatan masyarakat, serta kesiapan menghadapi kondisi keamanan dan ketertiban masyarakat (kamtibmas),\" kata Trunoyudo.\r\n\r\nPolri telah melakukan pemetaan potensi kerawanan Pilkada melalui indeks khusus sebagai dasar pelaksanaan Operasi Mantap Praja dan Satgas Nusantara Cooling System, yang bertujuan menjaga situasi tetap aman dan kondusif.\r\n\r\n&quot;Polri juga menggalang deklarasi pemilu bersama dan melakukan sosialisasi terkait langkah-langkah pengamanan di seluruh wilayah,&quot; kata dia.\r\n\r\nSeperti diketahui, Pilkada 2024 telah melalui tahap pendaftaran calon kepala daerah pada akhir Agustus 2024 lalu.\r\n\r\nTahap berikutnya adalah penetapan pasangan calon kepala daerah pada 22 September 2024, sedangkan masa kampanye akan dimulai pada 25 September 2024 hingga 23 November 2024.\r\n\r\nAdapun hari pemungutan suara Pilkada 2024 akan jatuh pada 27 November 2024.', '2024-09-10', 'Kiki Safitri', 0, 3, 34),
(35, 'Hadiri Rakercabsus Pilkada PDI-P di Sukoharjo, Andika Perkasa-Hendi Naik Kendaraan Taktis', 'Andika Perkasa.jpg', 'Calon gubernur dan wakil gubernur Jawa Tengah Andika Perkasa dan Hendrar Prihadi (Hendi) menghadiri rapat kerja cabang khusus (Rakercabsus) Pilkada 2024 di Sukoharjo, Jawa Tengah, Selasa (10/9/2024).\r\n\r\nKegiatan yang diselenggarakan Dewan Pimpinan Cabang (DPC) PDI-P Sukoharjo dipusatkan di Gedung Graha Mulya Jalan Diponegoro No 70, Kampung Sawah, Kelurahan Joho, Kecamatan Sukoharjo.\r\n\r\nAndika Perkasa dan Hendi tiba di lokasi Rakercabsus dengan menaiki kendaraan taktis.\r\n\r\nAndika didampingi sang istri Diah Erwiany Trisnamurti Hendrati Hendropriyono atau dikenal dengan Hetty Andika Perkasa naik kendaraan taktis warna hijau army B 9637 BBF.\r\n\r\nSedang, Hendi dan Krisseptiana atau Tia Hendi naik kendaraan taktis warna merah nopol B 9633 BBF.\r\n\r\nPasangan yang diusung PDI-P ini langsung disambut Bupati Sukoharjo sekaligus calon bupati Pilkada 2024 Etik Suryani dan jajaran pengurus DPC serta kader.\r\n\r\nAndika mengatakan, kehadirannya dalam Rakercabsus Pilkada 2024 di Sukoharjo bertujuan agar dirinya lebih dikenal oleh jajaran DPC. \r\n\r\nAndika mengakui sebagai pendatang baru dirinya harus lebih banyak berkunjung ke DPC PDI-P di wilayah Jawa Tengah. \r\n\r\n\"Harapannya, khususnya saya dengan Mas Hendi walaupun Mas Hendi sudah banyak dikenal, tapi kan saya orang baru, sehingga ini inisiatifnya Ketua DPD PDI-P Mas Bambang Pacul supaya saya lebih dikenal oleh jajaran DPC-DPC. Dan pagi hari ini di Sukoharjo,\" kata Andika, Selasa.\r\n\r\nDiketahui, Rakercabsus Pilkada 2024 DPC PDI-P Sukoharjo dihadiri sekitar 800 perserta.\r\n\r\nMereka yang hadir dalam Rakercabsus memakai seragam kebesaran partai yang dipimpin Megawati Soekarnoputri warna merah.', '2024-09-10', 'Labib Zamani', 0, 3, 35),
(36, 'Pilkada Jateng 2024, Netralitas ASN, dan Sanksi bagi yang Melanggar...', 'Pilkada Jateng.jpg', 'Inspektorat Kota Solo, Jawa Tengah membuat tim untuk memantau dan mengawasi netralitas aparatur sipil negara (ASN) selama gelaran Pilkada 2024.\r\n\r\nInspektur Kota Solo, Arif Darmawan mengatakan, ada delapan tim yang dibentuk mengawasi PNS agar tidak melakukan pelanggaran netralitas di Pilkada 2024.\r\n\r\n &quot;Kita ada delapan tim. Kemarin kita sudah mengumpulkan masyarakat terkait antikorupsi kita titip itu. Jadi untuk mengawasi ASN dan melaporkan apabila ada pelanggaran netralitas,&quot; kata Arif di Solo, Jawa Tengah, Selasa (24/9/2024).\r\n\r\nMenurut dia, dalam waktu dekat juga akan dikeluarkan surat edaran (SE) netralitas ASN.\r\n\r\n&quot;Kemarin sudah ada apel bersama ikrar netarlitas dan sudah diperintahkan Pak Wali dan Pak Sekda. Nanti Pak Sekda akan mengeluarkan SE netralitas PNS,&quot; terang dia.\r\n\r\n Arif mengungkapkan, pengawasan ASN akan dilakukan pada jadwal kampanye pasangan calon peserta Pilkada.\r\n\r\nDalam mengawasi ASN ini, kata Arif, pihaknya juga melibatkan peran serta masyarakat. Masyarakat diminta aktif melaporkan apabila menemukan ada ASN yang tidak netral.\r\n\r\n &quot;Pemantauan aktif akan kita lakukan khususnya di jadwal-jadwal kampanye. Kemudian juga mengoptimalkan peran masyarakat dalam pengawasan,&quot; kata dia.\r\n\r\n &quot;Jadi kita meminta masyarakat untuk bisa melaporkan ketika didapati ada PNS yang tidak netral. Kalau itu PNS kota Solo akan kita tindak lanjuti. Kalau dia PNS dari luar kota akan kita sampaikan ke Inspektorat di mana dia berada,&quot; sambung Arif.\r\n\r\nSelama pelaksanaan kampanye, ASN imbuhnya, tidak diperbolehkan me-like dan memberikan komentar yang mengarah pada pasangan calon tertentu.\r\n\r\n &quot;Tidak boleh me-like, menyampaikan gestur-gestur angka tertentu tidak boleh. Memberikan komen-komen mengarah pada pasangan calon tertentu tidak boleh,&quot; jelas dia.\r\n\r\n Lebih lanjut, Arif menyampaikan, bahwa sanksi bagi PNS yang tidak netral telah diatur dalam peraturan pemerintah (PP) Nomor 53 Tahun 2010 tentang disiplin PNS.', '2024-09-24', 'Labib Zamani', 0, 3, 36),
(37, 'Kampanye Pilkada 2024 Dimulai Besok, KPU Ingatkan Kandidat Patuhi Aturan', 'Kampanye Pilkada.jpeg', 'Komisi Pemilihan Umum (KPU) RI kembali mengingatkan agar para kandidat Pemilihan Kepala Daerah (Pilkada) Serentak 2024 mematuhi aturan dalam kampanye yang akan dimulai Rabu (25/9/2024) besok.\r\n\r\n &quot;Kami sudah sampaikan kepada a semua pihak terutama kepada tim pasangan calon mengenai regulasi teknis penyelenggaraan kampanye, kami yakin kepada tim pasangan calon beserta relawan terdaftarnya dapat mematuhi aturan-aturan kampanye yang diberlakukan untuk Pilkada Serentak Nasional tahun 2024 ini,&quot; ujar Komisioner KPU RI Idham Holik di Kantor KPU RI, Selasa (24/9/2024).\r\n\r\n Idham menyampaikan, pelaksanaan kampanye akan digelar selama 60 hari ke depan.\r\n\r\n Dia mengingatkan, siapa pun yang mencoba melanggar aturan pelaksanaan kampanye, Badan Pengawas Pemilu (Bawaslu) akan melakukan penindakan.\r\n\r\nOleh sebab itu, dia mengajak agar para kandidat yang merupakan cermin peradaban demokrasi bisa memberikan contoh pada masyarakat luas.\r\n\r\n &quot;Saya percaya masyarakat Indonesia ataupun pasangan calon seluruhnya memiliki komitmen yang baik untuk meningkatkan kualitas demokrasi elektoral ini dengan cara mematuhi aturan kampanye,&quot; tandasnya.\r\n\r\nPilkada 2024 diselenggarakan di 37 provinsi, 415 kabupaten, dan 93 kota.\r\n\r\n KPU telah menetapkan 1.553 kandidat yang akan berkontestasi dari ratusan daerah itu.\r\n\r\n &quot;Dari total 1.561 pasangan calon yang mendaftar ke KPU, baik di tingkat provinsi, kemudian ke kabupaten/kota KPU, baik tingkat provinsi, kabupaten-kota, telah menetapkan 1.553 pasangan calon,&quot; kata anggota KPU RI, August Mellaz, dalam jumpa pers pada Senin (23/9/2024).\r\n\r\n Dari jumlah itu, 103 di antaranya merupakan pasangan calon gubernur-wakil gubernur, 284 pasangan wali kota dan wakilnya, sedangkan 1.166 sisanya merupakan pasangan calon bupati dan wakilnya.', '2024-09-24', 'Singgih Wiryono', 0, 3, 37),
(38, 'Temui Heru Budi, KPU Jakarta Bahas Persiapan Pilkada 2024 dan Debat Cagub-Cawagub', 'KPU Jakarta.jpeg', 'Jajaran komisioner Komisi Pemilihan Umum (KPU) Jakarta menemui Penjabat (Pj) Gubernur Jakarta Heru Budi Hartono untuk membahas persiapan Pilkada 2024 dan debat tiga pasangan calon gubernur dan wakil gubernur.\n\n&quot;Intinya pertemuan dengan Pak Pj, kami berkomubikasi beberap hal. Melaporkan persiapan pilkada, mambahas RPJPD, dan yang paling penting persiapan debat kandidat,&quot; ujar Ketua KPU Jakarta Wahyu Dinata di Balai Kota Jakarta, Kebon Sirih, Jakarta Pusat, Senin (23/9/2024).\n\nDalam diskusi ini, hadir juga Ketua Bidang Teknis Penyelenggara Komisi Pemilihan Umum (KPU) Jakarta Dody Wijaya, Ketua Divisi Sosialisasi, Pendidikan Pemilih, dan Partisipasi Masyarakat, Astri Megatari, dan Ketua Divisi Data dan Informasi Fahmi Zikrillah.\n\n&quot;Sebenarnya kamu sudah lama ingin bersilaturahmi dengan Pak Pj ya, minta masukan mengenai kesiapan debat. Kami kita perlu eksplorasi kira-kira isu Jakarta apa yang perlu kami kembangkan,&quot; ujar Wahyu.\n\nMateri debat masih disusun bersama tim panelis agar pertanyaan sesuai dengan isu Jakarta.\n\n&quot;Hanya gambaran besar untuk ke depannya Pemprov kan ada dinas-dinas, supaya nanti bisa menjadi bahan kami untuk panelis debat,&quot; ucapnya.\n\nUntuk diketahui, KPU Jakarta telah menetapkan tiga pasangan calon untuk Pilkada Jakarta, yakni Pramono Agung-Rano Karno, Ridwan Kamil-Suswono dan Dharma Pongrekun-Kun Wardhana.\n\nUsai penetapan ini, KPU akan mengumumkan nomor urut tiga bakal paslon ada hari ini pukul 19.00 WIB di kantor KPU, Salemba, Jakarta Pusat.\n\nKetua Divisi Sosialisasi, Pendidikan Pemilih, dan Partisipasi Masyarakat, Astri Megatari, pihaknya juga telah telah menetapkan jadwal dan persiapan untuk debat publik cagub dan cawagub.\n\nAstri menyampaikan, ada tiga debat yang akan digelar. Masing-masing debat disiarkan oleh stasiun televisi yang sudah ditunjuk.\n\n&quot;Untuk debat publik, kami sudah menyelenggarakan rapat bersama dengan para TV penyelenggara dan sudah ada masing-masing debat, ada tiga kali debat,&quot; ujar Astri, Minggu (22/9/2024).\n\nDebat pertama dijadwalkan pada 6 Oktober 2024, sementara dua debat selanjutnya akan diumumkan lebih lanjut.', '2024-09-23', 'Firda Janati', 0, 3, 38),
(39, 'Pakar Sebut Jumlah Calon Tunggal Pilkada Bisa Lebih Besar jika Tak Ada Putusan MK', 'Pakar Politik.jpg', 'Jumlah calon tunggal pada pemilihan kepala daerah (Pilkada) 2024 diperkirakan bakal lebih banyak lagi, jika Mahkamah Konstitusi (MK) tidak membuat putusan yang mengubah ambang batas (threshold) pencalonan kepala daerah dan wakil kepala daerah.\r\n\r\nMenurut Peneliti Ahli Utama Badan Riset dan Inovasi Nasional (BRIN) Siti Zuhro, Putusan Mahkamah Konstitusi Nomor 60/PUU-XXII/2024 mampu menekan jumlah calon tunggal pada Pilkada.\r\n\r\n&quot;Putusan Mahkamah Konstitusi (MK) soal ambang batas itu sebenarnya melegakan dan mengurangi calon tunggal meskipun masih ada sekitar 40-an yang melawan kotak kosong,&quot; kata Siti Zuhro dalam keterangannya di Jakarta, pada Kamis (12/9/2024), seperti dikutip dari Antara.\r\n\r\nSiti memperkirakan jika MK tak memutuskan mengubah ambang batas itu maka kemungkinan besar jumlah calon tunggal pada Pilkada serentak tahun ini lebih besar.\r\n\r\n&quot;Saya pastikan jumlahnya akan melonjak tajam kalau tidak ada amar putusan tersebut,&quot; ujar Siti.\r\n\r\nPada Pilkada 2024 terdapat 41 daerah yang hanya memiliki satu pasangan calon kepala dan wakil kepala daerah atau calon tunggal. Pilkada yang memiliki calon tunggal terdiri dari 1 provinsi, 35 kabupaten, dan 5 kota.\r\n\r\nSiti menganggap fenomena calon tunggal pada Pilkada serentak 2024 sebagai ironi.\r\n\r\nBahkan menurut Siti, fenomena maraknya calon tunggal pada Pilkada 2024 merupakan anomali dalam demokrasi Indonesia yang multipartai.\r\n\r\nSebab menurut Siti, semua partai politik justru bergabung dalam satu koalisi besar atau gemuk karena kepentingan pragmatis yang sama.\r\n\r\n&quot;Itu bisa kita lihat pada Pilkada Jawa Timur dan Jakarta, sebagian besar parpol mengusung Ibu Khofifah dan Pak Ridwan Kamil. Kalau yang memenuhi ambang batas, bisa mencalonkan. Akan tetapi, kalau tidak bisa, akan melawan kotak kosong,&quot; ucap Siti.\r\n\r\nSeluruh calon tunggal yang berlaga di berbagai daerah itu akan berhadapan dengan kotak kosong saat pemungutan suara Pilkada serentak pada 27 November 2024.\r\n\r\nMeski begitu, Komisi Pemilihan Umum (KPU) tetap akan melakukan pengundian nomor urut bagi daerah yang hanya memiliki calon tunggal.', '2024-09-13', 'Aryo Putranto Saptohutomo', 0, 3, 39),
(40, 'Dedi Mulyadi Ingin Sediakan Layanan Pengobatan Tradisional di Rumah Sakit Jabar', 'Kang Dedi Mulyadi.jpg', 'Calon Gubernur Jawa Barat (Jabar), Dedi Mulyadi, menghadiri acara &quot;KDM Menyapa Warga Jabar Istimewa&quot;, di Lapangan Luar GOR Padjadjaran, Kota Bogor, Jabar, Rabu (11/9/2024) malam.\n\nAcara yang dihadiri oleh ribuan warga itu juga dimeriahkan oleh pelawak serta musisi seperti Sule, Ohang, Ceu Popon, dan Doel Sumbang.\n\nDalam kesempatan itu, Dedi Mulyadi bertemu dengan dua orang ibu yang memiliki masalah sosial cukup berat.\n\nIbu-ibu pertama merupakan warga Bogor yang berjualan di depan Gedung Sate, Kota Bandung, Jabar.\n\nDengan penghasilan sedikit, ibu tersebut harus tetap membiayai pengobatan adiknya yang ODGJ (orang dengan gangguan jiwa).\n\n&quot;Saya berkali-kali mengatakan,urusan ODGJ itu problemnya di pengobatan. Waktu dirawat di RS Jiwa dapat gratis karena dibiayai pemerintah, tapi setelah keluar dari RS Jiwa, harus membiayai sendiri,&quot; kata Dedi Mulyadi, dikutip dari TribunJabar.id.\n\n&quot;Coba bayangkan, satu butir obat saja harganya Rp 300.000, ya berat, mereka tidak akan sanggup,&quot; sambungnya.\n\nDia menegaskan, persoalan ini seharusnya diselesaikan oleh pemerintah provinsi serta kabupaten dan kota.\n\n&quot;Karena ketika obatnya habis, ODGJ ini &quot;mengamuk&quot; lagi,&quot; ujar Dedi.\n\nSementara itu, ibu yang kedua mengaku pernah dibantu oleh Dedi Mulyadi saat tubuhnya mengalami kelumpuhan.\n\nAtas arahan Dedi Mulyadi, ibu itu bisa sembuh usai mendapat penanganan dari ahli pengobatan tradisional.\n\nMenanggapi cerita tersebut, Dedi Mulyadi mengaku tertarik menyediakan layanan pengobatan tradisional di rumah sakit di Jabar.\n\n&quot;Di China ini sudah berjalan di salah satu rumah sakit, selain pengobatan secara medis juga ada pengobatan tradisional,&quot; ucap Dedi.\n\n&quot;Baik pengobatan medis maupun tradisional ini kan ada yang sukses juga ada yang gagal, tinggal diuji saja berapa persentasenya,&quot; pungkasnya.\n\nArtikel ini telah tayang di TribunJabar.id dengan judul &quot;Dorong Tukang Sapu Gaji Standar UMK, Dedi Mulyadi Juga Siap Bangun PLTSa Tahun 2026&quot;', '2024-09-12', 'Muhamad Syahrial', 0, 3, 40),
(41, 'Jelang Pilkada Jabar 2024, Ronal Surapradja: Tidak Siap, tapi Harus Siap', 'Ronal Jeje.jpeg', 'Calon wakil gubernur Jawa Barat (Jabar), Ronal Surapradja, mengungkapkan kesiapannya menghadapi Pilkada Jabar 2024.\n\nSeperti diketahui, Ronal diusung PDI-P untuk mendampingi Jeje Wiradinata untuk maju pada Pilkada Jabar.\n\nRonal mengatakan, selain menyiapkan mental, saat ini dia terus berupaya mematangkan ilmu yang telah didapatnya selama berkecimpung di dunia politik.\n\n&quot;Begini, saya sudah ikut politik ketika Pileg tahun lalu, jadi sudah sekitar setahun saya belajar politik, sudah terjun ke politik praktis dengan segala dinamikanya,&quot; kata Ronal, dikutip dari TribunJabar.id.\n\nMenurut Ronal, pengalamannya setahun terakhir di dunia politik bisa menjadi bekal baginya untuk maju pada Pilkada mendatang.\n\n&quot;Ya mungkin itu cara Tuhan untuk menyiapkan saya, di Pileg gagal, terus wali kota tidak jadi,&quot; ujar Ronal.\n\n&quot;Secara mental sudah dikuatkan, ilmu semakin bertambah, cara negosiasi, cara membuat jaringan, cara memengaruhi orang, dan sebagainya,&quot; bebernya.\n\nSelain itu, dia menambahkan, dukungan dari partai pengusung pun semakin menambah semangatnya berjuang pada Pilkada Jabar.\n\n&quot;Disebut tidak siap, ya tidak siap, tapi harus siap, kenapa? Partai saya full support,&quot; tandasnya.\n\nAktor yang juga sahabat Ronal Surapradja, Tora Sudiro, mengaku ragu Ronal bisa terpilih sebagai Wakil Gubernur Jabar.\n\n&quot;Kalau saya tidak yakin (Ronal) menang (Pilkada Jabar). Saingannya banyak. Lagi pula saya tidak bisa bantu, saya kan warga Tangerang Selatan,&quot; ucap Tora, Sabtu (7/9/2024).\n\nPria yang bersahabat dengan Ronal sejak mengisi program Extravaganza itu juga tidak menyangka sahabatnya itu memutuskan untuk maju sebagai calon Wakil Gubernur Jabar.\n\n&quot;Jujur kaget ya mendengar kabar Ronal, dan artis lain maju pada Pilkada buat jadi kepala daerah,&quot; ungkapnya.\n\n&quot;Tidak menyangka. Saya dapat kabar dari Tike Priatnakusumah di grup Extravaganza,&quot; imbuhnya.\n\nMeski begitu, dia berharap Ronal Surapradja bisa menjadi jembatan bagi aspirasi warga yang menginginkan perbaikan di Jabar.\n\n&quot;Namanya seniman selalu bisa menyuarakan suara masyarakat, semoga ketika dapat porsi, dia bisa melakukannya. Ya mudah-mudahan bisa memberikan yang terbaik,&quot; pungkasnya.', '2024-09-09', 'Muhamad Syahrial', 0, 3, 41),
(42, 'Ikut Sosialisasi Bakal Calon Bupati Serang, Raffi Ahmad: Saya Tulus dan Tak Dibayar', 'Raffi Ahmad.jpg', 'Presenter Raffi Ahmad belakangan semakin aktif turut serta dalam kegiatan partai politik.\r\n\r\nTerbaru, Raffi Ahmad mengikuti kampanye salah satu bakal calon Bupati dan Wakil Bupati Serang, yakni Ratu Zakiyah-Najib Hamas.\r\n\r\nRaffi Ahmad turut mensosialisasikan pasangan Ratu Zakiyah-Najib Hamas yang diusung sejumlah partai politik, salah satunya Partai Amanat Nasional (PAN).\r\n\r\nSeperti dilansir Antara, Raffi Ahmad terlihat ikut blusukan ke beberapa titik di wilayah kabupaten Serang menyapa warga pada Rabu (4/9/2024).\r\n\r\nDua wilayah yang didatangi Raffi Ahmad adalah Kecamatan Cikande dan Kecamatan Kibin.\r\n\r\nKendati demikian, Raffi Ahmad mengaku melakukannya secara tulus tanpa embel-embel bayaran.\r\n\r\nRaffi Ahmad juga mengaku tak dibayar sepeserpun dan memang niat ingin mendukung Zakiyah-Najib atas nama pertemanan.\r\n\r\n&amp;ldquo;Makanya saya juga mau meluruskan, saya ini kalau dukung benar-benar dari hati, jadi enggak ada itu saya dibilang (dibayar), enggak ada itu,&amp;rdquo; ucap Raffi Ahmad seperti dilansir Antara, dikutip Jumat (6/9/2024).\r\n\r\nAda pun, pada pilkada kabupaten Serang, Banten, terdapat dua pasangan bakal calon yang mendaftar ke KPU.\r\n\r\nAda pasangan calon Andika Nazrumi-Nanang Supriatna yang didukung partai Golkar, PKB, PDIP. Demokrat, dan PPP.\r\n\r\nSedangkan pasangan calon Ratu Zakiyah-Najib Hamas diusung PAN, PKS, Gerindra, NasDem, Garuda, PBB, PSI, dan Perindo.\r\n\r\nSelain rutin mengikuti banyak acara kampanye, Raffi Ahmad juga mengantarkan keluarganya ke dunia politik.\r\n\r\nSebut saja Nisya Ahmad yang merupakan adik Raffi Ahmad yang baru saja dilantik menjadi anggota DPRD Jawa Barat 2024-2029.\r\n\r\nSelain itu, Raffi Ahmad juga mendukung adik iparnya, Jeje Govinda, maju sebagai bakal calon bupati Bandung Barat didampingi Asep Ismail sebagai bakal calon wakil bupati.', '2024-09-09', 'Andika Aditia', 0, 3, 42),
(43, 'Apa yang Terjadi jika Kotak Kosong Menang Melawan Calon Tunggal?', 'KPU.jpg', 'Komisi Pemilihan Umum (KPU) menyatakan ada 41 daerah&amp;nbsp;Pilkada Serentak 2024 yang mempertemukan pasangan calon tunggal versus kotak kosong.&amp;nbsp;\r\n\r\nJumlah tersebut diumumkan oleh KPU melalui rilis perkembangan pendaftaran pasangan calon (paslon) Pilkada serentak 2024 tertanggal 5 september 2024.\r\n\r\nLantas, apa yang terjadi jika kotak kosong menang melawan calon tunggal dalam Pilkada 2024?\r\n\r\nKomisioner KPU, Idham Holik menjelaskan, apabila kotak kosong menang melawan paslon tunggal, maka penjabat (pj) kepala daerah yang akan memimpin daerah tersebut.&amp;nbsp;\r\n\r\nPj kepala daerah tersebut nantinya akan menjabat hingga pilkada berikutnya, yakni pada tahun 2029.\r\n\r\nNantinya, pj kepala daerah tersebut dapat berganti-ganti orang selama periode 2024-2029 sesuai dengan kebijakan pemerintah.\r\n\r\nIdham mengatakan bahwa kotak kosong tersebut ditandai sebagai surat suara tak berfoto.\r\n\r\nApabila terdapat masyarakat yang tidak mendukung pasangan calon tunggal, KPU tetap akan memfasilitasi dengan menampilkan kotak kosong tersebut.\r\n\r\n&quot;Walaupun pasangan calon tunggal, KPU akan melakukan pengundian apakah calon tunggal ini mendapatkan nomor urut 1 atau nomor urut 2 atau sebaliknya,&quot; kata Idham.\r\n\r\nAdapun proses pengundian nomor urut untuk Pilkada Serentak 2024 akan dilaksanakan pada 23 September 2024.\r\n\r\nIdham menyampaikan, ada opsi lain jika kotak kosong menang melawan calon tunggal pada Pilkada 2024.\r\n\r\nOpsi tersebut yakni memberikan kesempatan daerah segera memiliki kepala daerah pada tahun berikutnya, tepatnya pada 2025.\r\n\r\n\"Sebagaimana salah satu tujuan diadakannya pemilihan atau pilkada yaitu aktualisasi kedaulatan pemilih sebagai rakyat dalam memilih kepala daerah dan wakil kepala daerah secara langsung,\" ujar Idham dilansir dari Kompas.com, Senin (2/9/2024).', '2024-09-06', 'Aditya Priyatna Darmawan,', 0, 3, 43),
(44, 'Ganjar Beberkan Intimidasi dan Kejanggalan Selama Tahapan Pemilu di Jateng', 'Ganjar.jpg', 'Kader PDI-P yang juga mantan Gubernur Jawa Tengah dua periode, Ganjar Pranowo membeberkan beberapa intimidasi dan kejanggalan yang terjadi selama tahapan pemilu di Jateng.\n\nDia mengatakan hal itu sudah terjadi sejak dia berkontestasi sebagai calon presiden pada Pemilu Presiden kemarin.\n\nSempat beredar kabar adanya ASN yang diminta mendukung Ganjar hingga ada pungli untuk pemenangannya.\n\n&quot;Saya juga mengikuti kalau di Jateng di Boyolali. Saya tanya ASN yang diperiksa sudah lebih dari 200. Ini tidak langsung, iya. Maka itu sudah cukup mengintimidasi,&quot; kata Ganjar usai menghadiri rapat konsolidasi di kantor DPD PDI-P Jateng, Rabu (4/9/2024) malam.\n\nDia juga mengungkap adanya kelompok kepala desa yang mendeklarasikan dukungan terhadap pasangan calon (paslon) tertentu menjelang Pilkada Jateng.\n\nPadahal dia menilai hal itu melanggar netralitas sekalipun KPU belum menetapkan paslon yang menjadi peserta di Pilkada Jateng.\n\nKelompok kades dari Pati dan Boyolali sempat ramai diperbincangkan publik karena mengunggah dukungannya di media sosial.\n\n&quot;Tidak ada teguran dari Kementerian Dalam Negeri (Kemendagri) yang membawahi kades tersebut,&quot; kata dia.\n\n&quot;Terus dari kelompok masyarakat, kades-kades mulai dari dulu Pati, sekarang Boyolali, semua statemen (deklarasi) terbuka ada di medsos, Kemendagri tidak menindak apa pun,&quot; imbuhnya.\n\nBawaslu Jateng sempat mengecam perilaku itu. Namun, kasus ditutup karena belum ada penetapan paslon dari KPU.\n\n&quot;Lalu Panwas juga diam saja. Apakah kita akan membiarkan situasi yang akan tidak baik, tidak positif untuk perjalanan ini,&quot; lanjut Ganjar.\n\nDia menambahkan intimidasi politik itu sengaja dilakukan sejumlah institusi untuk menciptakan keresahan dan ketakutan di tengah masyarakat.\n\nUntuk itu, Ganjar meminta agar setiap lembaga bekerja sesuai tugasnya.\n\n&quot;Ketakutan-ketakutan inilah yang mesti di-release, dilepaskan, jangan sampe ada intitusi lain yang terlibat, kalau seperti ini, ini menjadi intimidasi politik yang tidak bagus, maka tidak fair. Republic of fear harus betul-betul kita hilangkan agar kembali pada kontestasi yang fair,&quot; tegasnya.', '2024-09-05', 'Titis Anis Fauziyah,', 0, 3, 44),
(45, 'Pramono Anung: Pembangunan Jakarta Tidak Bisa Ego Sektoral', 'Pramono Anung.jpg', 'Bakal calon gubernur Jakarta Pramono Anung menjelaskan dalam membangun Jakarta, pemerintah provinsi harus bisa menjadi \'jembatan\' ke pemerintah pusat. \r\n\r\n Pram mengatakan pembangunan di Jakarta tidak dapat mengandalkan ego sektoral belaka.\r\n\r\n &quot;Pengalaman yang ada, ketika di era pemerintahan sekarang, dua periode saya bersama Presiden, menurut saya sangat penting. Karena enggak bisa pembangunan di Jakarta itu menjadi ego sektoral,&quot; kata Pramono di kediamannya kepada Kompas.com, Minggu (1/9/2024).\r\n\r\n Dia memberikan contoh permasalahan polusi udara yang tidak mungkin dapat diselesaikan oleh Pemprov Jakarta seorang diri. \r\n\r\n Terlebih lagi, terdapat banyak daerah penyangga Jakarta yang terlibat secara langsung dalam persoalan di Jakarta. \r\n\r\n Maka dari itu, kata dia, banyak hal yang dapat diselesaikan bersama-sama dengan daerah penyangga tersebut. \r\n\r\n &quot;Apalagi ada daerah penyangga seperti Bekasi, Tangerang, Tangerang Selatan, yang mereka juga terlibat secara langsung dan banyak hal yang harusnya diselesaikan bersama-sama dengan daerah penyangga itu tadi,&quot; tambah Pram.\r\n\r\nAdapun Pramono-Rano saat ini masih berstatus sebagai bakal pasangan calon gubernur dan wakil gubernur Jakarta.\r\n\r\nDemikian pula dengan Ridwan Kamil-Suswono dan Dharma Pongrekun-Kun Wardana.\r\n\r\nPasangan calon kepala daerah akan ditetapkan Komisi Pemilihan Umum (KPU) pada 22 September 2024.\r\n\r\nTahapan pilkada memasuki masa kampanye selama 25 September-23 November 2024\r\n\r\nKemudian, sebelum memasuki hari pemungutan suara, 24-26 November 2024 ditetapkan sebagai masa tenang.\r\n\r\nHari pemungutan suara Pilkada 2024 akan digelar secara serentak di seluruh Indonesia pada 27 November 2024.', '2024-09-04', 'I Putu Gede Rama Paramahamsa', 0, 3, 45);
INSERT INTO `posts` (`id`, `title`, `img`, `body`, `date`, `author`, `view`, `category_id`, `url_id`) VALUES
(46, 'Bocoran Lengkap Spesifikasi Xiaomi Redmi Note 14 Pro, Rilis Besok', 'RN14P.png', 'Perusahaan teknologi Xiaomi akan meluncurkan smartphone terbarunya, yakni Xiaomi Redmi Note 14 series di China pada 26 September 2024.\n\nLini ponsel ini bakal mencakup Xiaomi Redmi Note 14 &quot;reguler&quot;, Redmi Note 14 Pro, dan Redmi Note 14 Pro Plus.\n\nMeskipun belum diluncurkan, spesifikasi Redmi Note 14 Pro sudah dibocorkan di internet. Sementara itu, foto desain gawai ini memang sudah dibagikan secara resmi oleh Xiaomi.\n\nBaik desain maupun spesifikasi Redmi Note 14 Pro muncul di forum Weibo.\n\nMenurut bocoran yang beredar, Xiaomi Redmi Note 14 Pro bakal menjadi ponsel pertama yang ditenagai chipset Qualcomm Snapdragon 7s Gen 3.\n\nChip dengan fabrikasi 4 nm ini diklaim memiliki CPU 30 persen lebih cepat, GPU 40 persen lebih cepat, kinerja kecerdasan buatan (artificial intelligence/AI) 30 persen lebih baik, dan konsumsi daya 12 persen lebih rendah dibanding chipset Snapdragon 7s Gen 2.\n\nSystem-on-Chip (SoC) ini rumornya bakal dipadankan dengan RAM 8 GB/12 GB/16 GB, dan media penyimpanan (storage) 128 GB/256 GB/512 GB.\n\nXiaomi Redmi Note 14 Pro disebut akan mengusung layar AMOLED 6,67 inci dengan resolusi 2.712 x 1.220 piksel, refresh rate 120 Hz, rasio layar ke bodi 90 persen, kerapatan piksel 445 ppi, dan tingkat kecerahan (brightness) maksimum 2.500 nits.\n\nLayar ini konon sudah dilindungi kaca Gorilla Glass Victus 2, sehingga panel tersebut tidak mudah tergores atau pecah.\n\nSebagai perbandingan, Redmi Note 13 Pro yang dirilis pada September 2023 membawa layar yang mirip suksesornya, tetapi dengan rasio layar ke bodi 89,8 persen, kerapatan piksel 446 ppi, dan brightness maksimum 1.800 nits.\n\nDi sektor fotografi, Redmi Note 14 Pro dibekali kamera selfie 16 MP, yang dimuat dalam modul lubang (punch hole). Kamera ini disebut mendukung perekaman video 1.080p pada 60 fps.\n\nGizmoChina  Tampilan Xiaomi Redmi Note 14 Pro.Sementara itu, kamera belakang ponsel ini dibagi menjadi kamera utama 50 MP yang didukung teknologi penstabil gambar (Optical Image Stabilization/OIS), kamera ultra wide 12 MP, dan kamera makro 2 MP.\n\nKamera belakang ini rumornya mendukung perekaman video beresolusi 4K pada 30 fps.\n\nAdapun kamera selfie Redmi Note 13 Pro memiliki resolusi yang sama seperti milik penerusnya. Akan tetapi, kamera belakangnya dibagi menjadi kamera utama 200 MP, kamera ultra wide 8 MP, dan kamera makro 2 MP.\n\nKamera belakang Redmi Note 14 Pro dimuat dalam modul oval, bersamaan dengan sebuah lampu LED flash untuk kebutuhan fotografi pada malam hari. Di sisi lain, kamera belakang Redmi Note 13 Pro diposisikan dalam modul persegi.\n\nUntuk daya, gawai terbaru Xiaomi ini konon memiliki baterai jumbo berkapasitas 5.500 mAh, dengan teknologi pengisian cepat (fast charging) berdaya 67 Watt.\n\nRumornya, sistem operasi (OS) yang dijalankan ponsel ini adalah Android 14, yang dipoles dengan tampilan antarmuka (UI) HyperOS.\n\nBocoran spesifikasi Xiaomi Redmi Note 14 Pro juga mencakup sertifikasi ketahanan air dan debu dengan rating IP68.\n\nPonsel ini konon bakal memiliki bobot 190 gram, sedikit lebih berat dibandingkan pendahulunya dengan bobot 187 gram.\n\nXiaomi Redmi Note 14 Pro kabarnya akan tersedia dalam pilihan warna hitam (Midnight Black), putih (Mirror Porcelain White), ungu (Twilight Purple), dan biru (Phantom Blue), sebagaimana dikutip KompasTekno dari GizmoChina, Rabu (25/9/2024).\n\nBelum diketahui harga Xiaomi Redmi Note 14 Pro. Sebagai perbandingan, Redmi Note 13 Pro pada peluncurannya di China dijual seharga 1.499 Yuan (sekitar Rp 3,2 juta), untuk varian RAM/storage dasar 8 GB/128 GB.\n\nXiaomi juga belum mengumbar apakah akan merilis gawai terbarunya ini di luar China. Adapun Xiaomi Redmi Note 13 Pro dibawa ke Indonesia dengan harga Rp 4,3 juta untuk varian RAM/storage tunggal 8 GB/256 GB.', '2024-09-25', 'Mikhaangelo Fabialdi Nurhapy', 0, 4, 46),
(47, '11 Juta HP Android Disusupi Malware Necro, WA Mod Biang Keroknya', 'Malware Android.jpg', 'Apabila Anda menginstal aplikasi modifikasi macam WhatsApp Mod (WA Mod), tampaknya harus waspada. Pasalnya, aplikasi modifikasi itu menjadi salah satu &quot;pintu masuk&quot; Trojan Necro yang menginjeksi smartphone Android.\n\nTemuan ini diungkao oleh perusahaan keamanan Kaspersky. Adapun Trojan Necro sebetulnya sudah sempat terungkap lima tahun lalu, tepatnya tahun 2019. Kini, trojan itu ditemukan lagi dan sudah menginfeksi setidaknya 11 juta smartphone Android.\n\nTrojan adalah salah satu jenis software jahat alias malware yang menyamarkan diri ke dalam aplikasi atau software yang sah. Aplikasi sah di sini adalah aplikasi legal di HP Android yang seharusnya tidak membahayakan perangkat maupun data pengguna.\n\nSaat ditemukan tahun 2019 lalu, trojan ini menginfeksi lewat modul aplikasi sah Android, sehingga menampilkan iklan berbahaya hingga mendaftarkan pengguna yang terdampak ke layanan berbayar tanpa izin.\n\nNah, kali ini, trojan itu menyusup lewat cara lain, yakni tidak hanya didistribusikan melalui aplikasi sah di Google Play Store, tetapi juga versi modifikasi dari aplikasi populer atau dikenal sebagai aplikasi mod, hingga game mod.\n\nAplikasi modifikasi yang terinfeksi Necro yaitu Spotify Plus, aplikasi modifikasi dari Spotify resmi. Aplikasi ilegal ini bisa diunduh gratis dari sumber tak resmi dan menawarkan akses lagu tanpa batas.\n\nTidak hanya itu, Kaspersky juga menyatakan bahwa trojan Necro menginfeksi berbagai aplikasi modifikasi lainnya termasuk WhatsApp Mod, game Micecraft, dan beberapa app mod dari game populer lainnya seperti Stumble Guys, Car Parking Multiplayer dan Melon Sandbox.\n\nKarenanya, perusahaan keamanan ini menganjurkan pengguna untuk menghindari game mod mobile. Apalagi game semacam ini sering dimanfaatkan hacker untuk menjalankan aksi jahatnya.\n\nKaspersky juga menyarankan pengguna Android untuk selalu mengunduh dari sumber resmi seperti Google Play Store, Samsung Galaxy Store, dan semacamnya.\n\nSecara teknis, melansir dari BleepingComputer, trojan Necro kini menyusup lewat software development kit (SDK) yang memuat iklan berbahaya. SDK adalah seperangkat alat dan program bagi developer untuk mengembangkan aplikasi.\n\nKetika Necro terinstal di smartphone, malware ini akan mengunduh program tambahan yang berfungsi mengaktifkan plugin berbahaya. Misalnya, plugin untuk adware atau software yang menampilkan iklan tak diinginkan, dan penipuan langganan atau hal merugikan lainnya.\n\nAplikasi sah pertama yang terdampak Necro dan paling banyak diunduh di Play Store yaitu Wuta Camera. Ini merupakan aplikasi kamera yang memungkinkan pengguna mengambil gambar, mengedit dan menambahkan berbagai efek.\n\nKompas.com/Lely Maulida  Screenshot aplikasi Wuta Camera di Google Play Store\n\nAplikasi ini sudah diunduh sebanyak 10 juta kali. Menurut temuan Kaspersky, trojan Necro menginfeksi Wuta Camera versi 6.3.2.148. Sementara versi 6.3.7.138 dan seterusnya sudah tidak lagi memuat malware itu.\n\nOleh karena itu, pengguna aplikasi kamera tersebut dianjurkan untuk segera melakukan update, bila masih memakai versi lawas.\n\nSelain Wuta Camera, aplikasi resmi lainnya yang terinfeksi Necro yakni peramban Max Browser. Aplikasi ini sudah diunduh oleh sekitar satu juta pengguna.&amp;nbsp;\n\nMenurut Kaspersky, Max Browser versi 1.2.0 ini terinfeksi malware itu, tetapi aplikasi ini kemudian dihapus dari Play Store usai perusahaan keamanan asal Rusia tersebut melaporkannya ke Google sebagai pemilik Play Store.\n\nNamun Max Browser masih tersedia di toko aplikasi pihak ketiga, sebagaimana dihimpun KompasTekno dari TomsGuide, Rabu (25/9/2024).\n\nMelansir dari Bleeping Computer, Google sudah mengetahui kerentanan ini dan sedang melakukan investigasi.', '2024-09-26', 'Lely Maulida', 0, 4, 47),
(48, 'Jumlah Pekerja Indonesia yang Pakai AI Meroket, Mayoritas Gen Z', 'Pengguna AI di Indonesia.jpeg', 'Adopsi Artificial Intelligence (AI) atau kecerdasan buatan di kalangan pekerja berpengetahuan (knowledge workers) di Indonesia tahun ini meroket dibanding tahun lalu.\r\n\r\nSebanyak 87 persen pekerja berpengetahuan di Indonesia menggunakan AI di tempat kerja. Angka ini meningkat secara signifikan dari 53 persen pada tahun lalu.\r\n\r\nTemuan itu diungkap dalam riset terbaru Hewlett Packard (HP) yang dipaparkan di acara &quot;HP Imagine 2024&quot; di Palo Alto, San Francisco, Amerika Serikat, Selasa (24/9/2024), sebagaimana dilaporkan langsung oleh jurnalis KompasTekno, Reska Nistanto.\r\n\r\nPeningkatan sebesar 34 poin ini mencerminkan ketergantungan yang semakin besar terhadap perangkat AI, untuk meningkatkan produktivitas dan merampingkan tugas-tugas di berbagai industri.\r\n\r\nDi antara pengguna AI, 83 persennya telah menggunakan aplikasi AI agar alur kerja mereka meningkat dan efisien.\r\n\r\nTren ini sangat kuat di kalangan generasi muda atau Gen Z (kelahiran 1997-2012), yang memimpin dalam hal adopsi AI.\r\n\r\nNamun, generasi Baby Boomers (kelahiran 1946-1964) dan Gen X (kelahiran 1965-1980) tidak ketinggalan, menunjukkan bahwa penggunaan AI semakin meluas di semua kelompok usia.\r\n\r\nBerikut persentase pengguna AI di lingkungan kerja di Indonesia vs. Global:\r\n\r\nHampir 88 persen dari mereka yang menggunakan AI dalam peran profesional, percaya bahwa mendapatkan pemahaman yang lebih dalam tentang teknologi AI akan membantu memajukan karier mereka.\r\n\r\nHP Inc.  Adopsi AI di Indonesia berdasar generasi.\r\n\r\nSentimen ini mencerminkan pergeseran yang lebih luas tentang bagaimana pekerja Indonesia memandang AI sebagai alat yang tidak hanya untuk efisiensi, tetapi juga sebagai sarana untuk mencapai pertumbuhan profesional jangka panjang.\r\n\r\nTerlepas dari lonjakan adopsi AI, tidak semua organisasi mempersiapkan karyawannya secara memadai untuk menghadapi masa depan pekerjaan.\r\n\r\nSekitar 13 persen pengguna AI melaporkan bahwa perusahaan mereka tidak memberikan pelatihan AI yang memadai, sehingga menimbulkan kekhawatiran tentang seberapa baik karyawan diperlengkapi untuk memanfaatkan alat ini secara efektif.\r\n\r\nDi saat yang sama, ketakutan seputar AI terus meningkat, terutama di antara mereka yang belum menggunakan teknologi ini.\r\n\r\nSekitar 60 persen dari pekerja pengetahuan yang saat ini tidak menggunakan AI, menyatakan kekhawatiran bahwa pekerjaan mereka dapat digantikan oleh sistem AI, menandai peningkatan 12 poin dalam ketakutan tersebut.\r\n\r\nHP mensurvei 1.000 karyawan berpengetahuan, 200 pengambil keputusan TI, serta 100 pemimpin bisnis di Indonesia dalam riset Work Relationship Index 2024, yang dilakukan pada pada 10 Mei hingga 21 Juni.\r\n\r\nLebih lanjut tentang Work Relationship Index 2024, bisa disimak di situs resmi HP.', '2024-09-25', 'Reska K. Nistanto', 0, 4, 48),
(49, 'Hands-on ZTE Nubia Neo 2, HP Gaming dengan Tombol Mirip L1 dan R1', 'ZTE Nubia Neo 2.jpg', 'ZTE Nubia Neo 2 5G hadir di Indonesia sebagai smartphone gaming entry-level. Ponsel ini sudah resmi dijual di Tanah Air sejak Juni lalu dengan banderol harga Rp 3 jutaan.\r\n\r\nDengan harga Rp 3 jutaan, ZTE Nubia Neo 2 5G menawarkan beragam fitur yang mendukung gamer mobile. Misalnya, ada tombol mirip L1 dan R1 serta fitur bypass charging.\r\n\r\nKompasTekno berkesempatan menjajal Nubia Neo 2 5G (8/256 GB) warna Sunfire Yellow. Mari kita buka kotak kemasan, hands-on, serta menilik fitur unggulan ponsel gaming ini lewat pembahasan singkat berikut.\r\n\r\nKOMPAS.com/ Galuh Putri Riyanto  Di dalam boks pastinya juga ada satu unit ZTE Nubia Neo 2 5G warna Sunfire Yellow. Isi aksesori lengkap dalam boks penjualan meliputi adapter charger 33 watt, kabel USB Type-C, hard case, SIM ejector tool. Ada juga kertas panduan singkat dan kartu garansi. Nubia Neo 2 5G warna Sunfire Yellow hadir dengan kotak kemasan yang didominasi berwarna kuning. Di sisi depan kotak, ada nama sekaligus foto produk dan spesifikasi unggulan ponsel ini.\r\n\r\nKesan pertama yang kami dapat, kotak penjualan ZTE Nubia Neo 2 5G ini bobotnya cukup berat, tak seperti kotak penjualan smartphone yang biasa kami pegang.\r\n\r\nIni dikarenakan ZTE menyertakan aksesori lengkap dalam boks penjualan meliputi adapter charger 33 watt, kabel USB Type-C, hard case, SIM ejector tool. Ada juga kertas panduan singkat dan kartu garansi.\r\n\r\nDi dalam boks pastinya juga ada satu unit ZTE Nubia Neo 2 5G warna Sunfire Yellow.\r\n\r\nVideo unboxing bisa ditonton melalui video di bawah atau lewat link berikut.\r\n\r\nA post shared by Kompas Tekno (@teknokompas)\r\n\r\nKOMPAS.com/ Galuh Putri Riyanto  ZTE Nubia Neo 2 5G hadir dengan desain punggung futuris yang gamers banget.ZTE Nubia Neo 2 5G hadir dengan desain punggung futuris yang gamer banget. Soalnya, punggung ponsel ini dibekali gambar seperti karakter robot dengan mata yang menyala.\r\n\r\nPunggung itu memiliki finishing glossy dan memberikan efek cermin. Ketika diusap, bagian belakang Nubia Neo 2 terasa licin.\r\n\r\nPengguna bisa menggunakan hard case bawaan untuk mengurangi potensi selip ketika HP digenggam.\r\n\r\nPunggung Nubia Neo 2 ini dibekali dua lensa &quot;boba&quot; yang menampung kamera utama 50 MP dan kamera depth sensor 2 MP.\r\n\r\nKOMPAS.com/ Galuh Putri Riyanto   ZTE Nubia Neo 2 5G punya fitur Shoulder Trigger, tombol mirip tombol L1 dan R1 pada kontroler game. Tombol ini dapat berguna dalam game dengan kontrol yang kompleks atau membutuhkan reaksi cepat seperti game tembak-tembakan atau balapan. Ponsel gaming Rp 3 jutaan ini menawarkan fitur spesial yakni tombol Shoulder Trigger.\r\n\r\nTombol ini terletak di sisi samping bodi ponsel ini. Ketika memainkan game dalam mode landscape, shoulder trigger akan berada di sisi atas, mirip seperti letak tombol L1 dan R1 pada kontroler game.\r\n\r\nUntuk mengaktifkannya, pengguna tinggal melakukan gestur gerakan dari kanan ke kiri di layar. Nanti akan muncul opsi Shoulder Trigger. Pengguna bisa mengatur opsi tap untuk L1 dan R1\r\n\r\nTombol shoulder trigger di ZTE Nubia Neo 2 5G memungkinkan pengguna untuk melakukan aksi tanpa harus menyentuh layar.\r\n\r\nTombol ini dapat berguna dalam game dengan kontrol yang kompleks atau membutuhkan reaksi cepat, seperti game tembak-tembakan atau balapan.\r\n\r\nKOMPAS.com/ Galuh Putri Riyanto  Penampakan tombol Shoulder Trigger, tombol mirip tombol L1 dan R1 pada kontroler game. Tombol ini dapat berguna dalam game dengan kontrol yang kompleks atau membutuhkan reaksi cepat seperti game tembak-tembakan atau balapan. Ketika dijajal untuk bermain game balapan Asphalt Nitro 2 dan game tembak-tembakan MC: Rebel Guns yang ada secara bawaan, fitur Shoulder Trigger bisa berfungsi dengan baik alias responsif.\r\n\r\nNubia Neo 2 juga dibekali layar 6,7 inci resolusi ull HD Plus yang mendukung refresh rate 120 Hz, sehingga diklaim menawarkan tampilan yang mulus saat bermain game.\r\n\r\nPonsel ini mendukung refresh rate adaptif, di mana sistem akan menurunkan angka refresh rate ketika membuka konten statis yang dibuka pengguna untuk mengoptimalkan daya.\r\n\r\nDi atas kertas, ponsel ini memiliki dimensi panjang 166 mm, lebar 76,1 mm, ketebalan 8,5 mm dengan bobot 208 gram.\r\n\r\nDimensi bodi ini membuat ponsel masih nyaman dipegang satu tangan dalam mode portrait atau dipegang dua tangan dalam mode landscape ketika bermain game.\r\n\r\nUntuk menunjang pemain saat &quot;mabar&quot; atau &quot;push rank&quot;, ZTE membekali ponsel gaming Nubia Neo 2 dengan baterai jumbo, yakni 6.000 mAh. Ponsel ini mendukung pengisian cepat (fast charging) 33 watt. Daya ponsel bisa terisi 50 persen dalam 30 menit.\r\n\r\nDi samping itu, ZTE Nubia Neo 2 kini juga mendukung Bypass Charging, fitur yang memungkinkan ponsel mengisi daya langsung ke mainboard.\r\n\r\nUntuk mengaktifkan fitur bypass charging, pengguna harus menghubungkan ponsel dengan pengisi daya. Selanjutnya, pengguna perlu mengakses menu &quot;Settings&quot; &amp;gt; &quot;Battery&quot; &amp;gt; &quot;Charge separation&quot; (on).\r\n\r\nFitur bypass charging ini terbilang spesial untuk ponsel kelas entry-level. Pasalnya, fitur macam ini biasanya ditemukan di beberapa ponsel flagship dan HP mid-range.\r\n\r\nSecara teori, teknologi bypass charging ini memungkinkan pengguna bermain game mobile sambil mengisi daya ponsel, tanpa khawatir smartphone menjadi panas.\r\n\r\nUntuk performa, ZTE Nubia Neo 2 5G diotaki chipset&amp;nbsp;Unisoc T820 (6nm) yang memiliki CPU dengan kecepatan hingga 2,7 GHz. Chipset tersebut dipadukan dengan RAM 8 GB dan penyimpanan media 256 GB.\r\n\r\nDi samping itu, ponsel ini dibekali dual speaker stereo dengan teknologi audio DTS:X Ultra untuk menunjang bermain game.\r\n\r\nBerbicara soal tombol dan port, ZTE Nubia Neo 2 5G dibekali tombol power yang sekaligus berperan sebagai pemindai sidik jari di sebalah kanan bodi. Kemudian, di sisi kiri, ada laci dual-SIM dan tombol pengatur volumen.\r\n\r\nSisi atas bodi mulus tanpa tombol/port. Sementara di sisi bawah terdapat lubang dua speaker dan USB-C.\r\n\r\nFitur lain yang dibawa ZTE Nubia Neo 2 meliputi dukungan 5G, WiFi 802.11ac, Bluetooth 5.0, NFC, USB-C, face unlock, kamera selfie 16 MP, dan menjalankan sistem operasi Android 13.', '2024-09-24', 'Galuh Putri Riyanto', 0, 4, 49),
(50, 'Ramai Fitur Eye Tracking iOS 18 buat Scroll Layar dengan Mata, iPhone 11 Kebagian?', 'Fitur Eye Tracking.jpg', 'iOS 18 sudah dirilis sejak minggu lalu, tetapi masih ramai diperbincangkan karena banyak fitur menarik. Salah satu fitur iOS 18 yang menarik dan ramai diperbincangkan di media sosial, khususnya TikTok, adalah fitur eye tracking.\r\n\r\nBanyak warganet di TikTok yang menunjukkan kebolehan dari salah satu fitur iOS 18 iPhone tersebut. Beberapa dari Anda mungkin juga sudah sempat melihat ulasan fitur eye tracking iOS 18 di media sosial.\r\n\r\nUntuk diketahui, fitur eye tracking iOS 18 pada dasar merupakan fitur aksesibilitas yang memudahkan pengguna dalam mengoperasikan iPhone. Eye tracking iOS 18 memungkingkan pengguna buat scroll iPhone dengan gerakan mata.\r\n\r\nDengan fitur ini, pengguna jadi tak perlu mengusap layar dengan jari untuk menggerakan iPhone. Pengguna bisa mengoperasikan iPhone hanya dengan gerakan mata. Kebolehan tersebut yang membuat fitur eye tracking iOS 18 jadi menarik.\r\n\r\nMeski menarik, fitur eye tracking iOS 18 hanya bisa diakses di beberapa model iPhone. Lantas, bagaimana dengan iPhone keluaran tahun lama seperti iPhone 11? Apakah iPhone 11 bisa eye tracking iOS 18?\r\n\r\nUntuk diketahui, iPhone 11 merupakan model iPhone keluaran cukup lama. iPhone ini dirilis pada sekitar lima tahun lalu, tepatnya September 2019. Meski keluaran lama, iPhone 11 masih bisa update iOS 18.\r\n\r\nAkan tetapi, tak semua fitur iOS 18 tersedia untuk iPhone 11. Sayangnya, fitur eye tracking di iPhone 11 tidak tersedia. Jadi, pengguna iPhone 11 tidak bisa mengakses fitur eye tracking iOS 18 yang tengah ramai dijajal belakangan.\r\n\r\nKetidaktersediaan eye tracking iOS 18 iPhone 11 juga berlaku bagi iPhone 11 Pro dan iPhone 11 Pro Max. Semua model iPhone 11 series tidak kebagian fitur eye tracking iOS 18. Lantas, iPhone apa saja yang bisa eye tracking iOS 18?\r\n\r\nDikutip dari laman resmi Apple, fitur eye tracking iOS 18 hanya tersedia untuk iPhone 12 series atau yang lebih baru dan iPhone SE 3. Jika pengguna memakai model iPhone tersebut, pengguna bisa memakai eye tracking iOS 18 buat scroll iPhone dengan mata.\r\n\r\nFitur aksesibilitas eye tracking ini membawa pengalaman baru bagi pengguna iPhone. Akan tetapi, berdasar percobaan kami, fitur ini cukup susah untuk digunakan. Pasalnya, pengguna harus bisa mengendalikan gerakan mata untuk menggerakan layar iPhone secara akurat.\r\n\r\nJika gerakan mata tidak terkendali dengan baik, kursor di layar bakal bergerak tidak beraturan dan malah membuat pusing. Kesimpulannya fitur ini menarik buat dicoba, tetapi tidak cukup efektif dan efisien jika pengguna ingin mengoperasikan iPhone dengan cepat.', '2024-09-24', 'Zulfikar Hardiansyah', 0, 4, 50),
(51, 'CEO Google Komentari Ketakutan Programmer Bakal Digantikan AI', 'CEO Google.jpg', 'Berbagai produk kecerdasan buatan (AI), seperti ChatGPT dan Google Gemini, kini memiliki kemampuan untuk membuat aplikasi atau menulis kode pemrograman, sebuah kegiatan yang biasa dilakukan oleh seorang programmer.\r\n\r\nKarena sudah bisa menulis kode (coding), sejumlah orang, terutama mereka para programmer, mungkin khawatir jika AI akan menggantikan pekerjaan mereka di masa depan.\r\n\r\nNah, CEO Alphabet dan Google, Sundar Pichai mengatakan hal tersebut tampaknya tak perlu ditakuti. Sebab, ia menyebut AI tidak akan pernah bisa menggantikan tugas dan pekerjaan para programmer.\r\n\r\n&quot;AI akan membantu orang menyelesaikan pekerjaannya. Untuk para programmer, AI akan meningkatkan efisiensi dan meringankan beban kerja para mereka, sehingga para penulis kode (coder) ini bisa fokus di hal lain yang lebih kreatif,&quot; kata Pichai dalam sebuah acara yang digelar di Carniege Mellon University, Pittsburgh, Pennsylvania, AS pekan lalu.&amp;nbsp;\r\n\r\nSelain membantu meringankan pekerjaan programmer, Pichai juga memprediksi kehadiran AI di bidang teknologi informasi (TI) akan membuat lebih banyak orang melakukan coding atau menjadi programmer.\r\n\r\nSebab, hal tersebut bisa dilakukan dengan lebih mudah dari sebelumnya, tentunya dengan bantuan AI.\r\n\r\n&quot;AI juga akan membantu menurunkan tingkat kesulitan coding dan pembuatan program komputer, sebab AI bisa mengerti bahasa natural manusia. Dalam hal ini, AI bisa dibilang sebagai alat yang memberdayakan kemampuan manusia untuk melakukan programming, sehingga kegiatan ini bisa diakses lebih banyak orang,&quot; imbuh Pichai.&amp;nbsp;\r\n\r\nTerkait AI, Pichai sempat memaparkan kepanjangan dan arti dari istilah tersebut, sebagaimana dirangkum KompasTekno dari Wccftech, Senin (23/9/2024).\r\n\r\nMenurut dia, AI seharusnya bukan diartikan sebagai alat kecerdasan yang &quot;dibuat&quot; (artificial), melainkan kecerdasan yang bisa &quot;memberdayakan&quot; (enabling) atau meningkatkan kemampuan manusia. \r\n\r\nManusia yang tak pakai AI akan kalah saing\r\n\r\nSoal AI yang mengancam pekerjaan manusia, perintis Google Brain, divisi Google AI yang membuat model pembelajaran AI bertipe deep learning, yaitu Andrew Ng sebelumnya juga mengutarakan pendapat serupa Sundar Pichai.\r\n\r\nDalam sebuah acara seminar yang digelar Universitas Chulalongkorn, Bangkok, Thailand sekitar Juli lalu, Andrew optimistis dan menyebut AI tidak akan menggantikan lapangan pekerjaan yang selama ini diisi oleh manusia.\r\n\r\nNamun, ada kemungkinan orang yang telaten menggunakan AI akan jauh lebih cerdas dalam bekerja ketimbang orang yang tidak paham pemanfaatan AI. Singkatnya, kesempatan kerja orang yang paham penggunaan AI akan lebih besar, dan orang yang tidak pakai AI bisa tergantikan.\r\n\r\n&quot;Pada sebagian besar pekerjaan, jika 20-30 persen pekerjaan tersebut menerapkan sistem otomatisasi, maka sisanya tentunya akan mengandalkan tenaga kerja manusia,&quot; kata Andrew beberapa waktu lalu.&amp;nbsp;\r\n\r\n&quot;Ini juga berarti AI tidak akan bisa menggantikan pekerjaan manusia, dan manusia yang memakai AI bisa saja akan menggantikan pekerjaan manusia yang tidak memakai AI atau tidak tahu apa itu AI,&quot; imbuh Andrew.\r\n\r\nSelain optimis AI tidak akan menghilangkan lapangan pekerjaan bagi manusia, Andrew juga yakin bahwa otomatisasi hanya akan membantu suatu perusahaan untuk menghasilkan inovasi baru saja.\r\n\r\nIa juga yakin otomatisasi yang pakai AI tidak selalu berkaitan dengan efisiensi dan penghematan, dan tidak sepenuhnya menjadi teknologi yang menguntungkan bagi perusahaan di masa depan. ', '2024-09-23', 'Bill Clinten', 0, 4, 51),
(52, 'Counterpoint: Xiaomi Ungguli Apple, Samsung Tetap Teratas', 'Rank HP.png', 'Firma riset pasar Counterpoint Research merilis daftar tiga besar vendor smartphone yang menguasai pasar ponsel global untuk bulan Agustus 2024.\r\n\r\nPada periode bulan ke-8 ini, Samsung masih bertakhta sebagai raja pasar smartphone global dalam hal volume penjualan bulanan.\r\n\r\nYang menarik, pada periode Agustus, Xiaomi berhasil menyalip Apple ke posisi nomor dua. Menurut Counterpoint, ini pertama kalinya Xiaomi menempati posisi ke-2 setelah Agustus 2021.\r\n\r\nDengan begitu, Apple otomatis harus &quot;legowo&quot; terdepak ke peringkat ketiga. Sayangnya, Counterpoint tidak merinci volume penjualan bulan Agusuts untuk masing-masing vendor di daftar tiga besar ini.\r\n\r\nGrafik pertumbuhan volume penjualan bulanan Samsung, Apple, dan Xiaomi dari 2021 hingga 2024 bisa dilihat lewat gambar di bawah. Di ujung garis grafik, terlihat Samsung tetap teratas, sedangkan Xiaomi berhasil menyalip Apple pada Agustus 2024.\r\n\r\nCounterpoint mencatat, Xiaomi menjadi salah satu merek smartphone dengan pertumbuhan tercepat pada semester I-2024, yakni dengan pertumbuhan volume penjualan sebesar 22 persen dari tahun ke tahun.\r\n\r\nPertumbuhan Xiaomi ini, kata Counterpoint, membantu pemulihan pasar smartphone dunia.\r\n\r\nXiaomi tercatat sangat kuat di kisaran harga yang lebih rendah, yaitu kurang dari 200 dollar AS (sekitar Rp 3 jutaan), terlebih lagi setelah peluncuran perangkat seri Redmi 13 dan Redmi Note 13.\r\n\r\nPerangkat Redmi membantu Xiaomi mendapatkan pangsa di semua pasar utamanya, terutama di India, Amerika Latin, Asia Tenggara, serta Timur Tengah dan Afrika.\r\n\r\nSelain smartphone entry-level dan mid-range, Xiaomi juga telah merambah segmen premium dengan perangkat yang dapat dilipat dan model &quot;Ultra&quot;.\r\n\r\nXiaomi  Xiaomi Redmi Note 13 Pro seriesSebenarnya, penjualan Xiaomi dilaporkan datar atau tidak mengalami peningkatan bulanan pada Agustus 2024 ini. Penurunan musiman Apple-lah yang mendongkrak Xiaomi mencapai posisi kedua tersebut.\r\n\r\nMenurut Counterpoint, Agustus cenderung menjadi bulan terlemah Apple dalam satu tahun kalender. Pasalnya, iPhone generasi baru biasanya baru akan diumumkan pada bulan September.\r\n\r\nDengan peluncuran seri iPhone 16 belum lama ini, Counterpoint meramalkan Apple akan merebut kembali posisi ke-2 atau bahkan posisi pertama sebagai penguasa smartphone global.\r\n\r\nHal ini bisa terjadi dalam beberapa bulan mendatang seiring dengan peningkatan penjualan iPhone 16 series, sebagaimana dihimpun KompasTekno dari laman Counterpoint Research, Sabtu (21/9/2024).', '2024-09-21', 'Galuh Putri Riyanto', 0, 4, 52),
(53, 'YouTube Kini Punya Tombol &quot;Hype&quot; untuk Dongkrak Popularitas Kreator Pemula', 'Hype Youtube.jpg', 'YouTube mengumumkan fitur baru, yaitu &quot;hype&quot; dalam acara Made On YouTube yang digelar Rabu (18/9/2024) waktu Amerika Serikat.\r\n\r\nFitur tombol hype di YouTube memungkinkan penonton untuk membantu mempromosikan video dari kreator, khususnya kreator yang belum begitu populer.\r\n\r\nBerkat fitur ini, kreator memiliki alternatif tambahan untuk meningkatkan popularitas video miliknya, dengan bantuan dari penonton. YouTube juga menyatakan bahwa fitur ini akan membantu kreator menjangkau audiens baru.\r\n\r\n&quot;Setiap hari kreator baru di seluruh dunia berkreasi di YouTube. Namun kami juga mendengar bahwa kreator yang lebih kecil, bahkan mereka yang memiliki fanatik fans, kesulitan menjangkau audiens baru,&quot; kata Jessica Locke, Product Manager YouTube, dikutip KompasTekno dari blog YouTube, Jumat (20/9/2024).\r\n\r\n&quot;Itulah sebabnya kami menciptakan hype,&quot; lanjut Locke.\r\n\r\nMekanisme fitur ini adalah, YouTube menyediakan tombol hype di bawah tombol likes dengan ikon jempol. Bila tombol hype diklik, penonton akan memberikan poin ke video kreator.\r\n\r\nVideo yang paling banyak dipromosikan lewat fitur hype, nantinya akan muncul dalam daftar 100 video terpopuler mingguan yang dikurasi berdasarkan jumlah poin video. Videonya juga akan mendapat label khusus dengan ikon bintang\r\n\r\nDaftar video yang hype, dibuat per negara. Jadi, daftarnya tidak akan seragam di semua negara.\r\n\r\nBila semakin banyak penonton yang menekan tombol hype, maka poin yang diterima video terkait juga makin melimpah, sehingga bisa mendongkrak peringkat di daftar video terpopuler.\r\n\r\nPerlu dicatat bahwa fitur ini tersedia untuk video yang baru rilis kurang dari tujuh hari, dari kreator dengan jumlah subscriber kurang dari 500.000.\r\n\r\nUntuk mencegah penyalahgunaan fitur itu, YouTube membatasi pemakaian tombol hype, yaitu hanya tiga kali per minggu per pengguna.\r\n\r\nKe depannya YouTube berkata akan memungkinkan penonton untuk membeli hype ekstra. Dengan begitu, mereka bisa memberikan poin lagi ke video di YouTube walaupun kuota mingguannya habis. Opsi ini juga berpotensi menjadi ladang cuan tambahan bagi kreator.\r\n\r\nTidak hanya itu, YouTube selanjutnya juga akan memungkinkan kreator melihat siapa yang mempromosikan video mereka lewat fitur hype.\r\n\r\nYouTube belum mengumumkan kapan fitur ini tersedia bagi semua pengguna. Namun perusahaan mengeklaim bahwa fitur hype saat diuji coba di Turki, Taiwan dan Brasil, sukses membantu mempromosikan video hingga lebih dari 5 juta kali di 50.000 saluran lebih.\r\n\r\nBelum lama ini YouTube juga meluncurkan program afiliasi YouTube Shopping di Indonesia.&amp;nbsp;\r\n\r\nIndonesia bahkan menjadi negara pertama di Asia Tenggara yang bisa mencicipi fitur ini. Sebelumnya, YouTube Shopping hadir di Amerika Serikat dan Korea Selatan.\r\n\r\n&quot;Kami sangat bersemangat meluncurkan YouTube Shopping di Asia Tenggara dan Indonesia menjadi pasar pertama yang kami luncurkan,&quot; kata Ajay Vidyasagar, Direktur Regional APAC YouTube dalam acara peluncuran YouTube Shopping di kantor Google Indonesia di Jakarta.\r\n\r\nProgram YouTube Shopping memungkinkan kreator YouTube atau brand, menyematkan produk rekomendasi yang mereka jual dalam video yang diunggah di saluran YouTube-nya.\r\n\r\nNamun, transaksi yang dilakukan tidak di dalam aplikasi YouTube. Pihak YouTube menggandeng marketplace Shopee sebagai mitra perdana.\r\n\r\nNantinya penonton yang tertarik dan ingin membeli barang yang dipajang kreator, akan dialihkan ke Shopee untuk proses jual beli.\r\n\r\nProduk rekomendasi kreator bisa disematkan di berbagai format video YouTube, termasuk video dengan orientasi landscape, vertikal di Shorts, hingga live stream alias siaran langsung.\r\n\r\nTampilan produk rekomendasi kreator di YouTube langsung menampilkan gambar preview produk terkait dalam bingkai hitam persegi panjang.\r\n\r\nKetika bingkai itu diklik, tampilannya akan langsung diarahkan ke halaman produk. Dengan begitu, pengguna bisa melihat rincian produk, meliputi harga, deskripsi, variasi dan lainnya, hingga memproses transaksi. Jadi, transaksi pembelanjaan diproses di luar YouTube.', '2024-09-20', 'Lely Maulida', 0, 4, 53),
(54, 'Smartphone Vivo V40e Resmi, V40 Versi Bontot Harga Rp 5 Jutaan', 'Vivo V40e.png', 'KOMPAS.com - Vendor smartphone Vivo resmi meluncurkan Vivo V40e di India, Rabu (25/9/2024).\r\n\r\nEmbel-embel &quot;e&quot; pada penamaan mengindikasikan Vivo V40e ini diposisikan sebagai model paling bontot di keluarga Vivo V40 series. Sebelumnya, Vivo sudah merilis Vivo V40 dan Vivo V40 Pro di India.\r\n\r\nPonsel Vivo V40e datang dengan desain persis Vivo V40 dan V40 Pro, tapi dengan spesifikasi yang lebih rendah, terutama di aspek chipset dan konfigurasi kamera belakang.\r\n\r\nDi sektor hardware, Vivo V40e ditenagai chipset MediaTek Dimensity 7300. Sementara dua kakaknya dibekali chipset yang lebih mumpuni, yakni Qualcomm Snapdragon 7 Gen 3 (Vivo V40) dan MediaTek Dimensity 9200 (Vivo V40 Pro).\r\n\r\nUntuk kamera belakang, Vivo V40e dibekali kamera utama 50 MP (f/1.79, sensor Sony IMX882) dan kamera ultrawide 8 MP (f/2.2).\r\n\r\nDua kamera ini dibenamkan pada penampang berbentuk oval/pil yang cukup besar di bagian punggung, lengkap dengan Aura Light LED flash untuk menyesuaikan suhu warna saat mengambil gambar dengan pencahayaan redup.\r\n\r\nSebagai perbandingan, Vivo V40 dibekali kamera utama 50 MP (f/1.9, penstabil gambar OIS) dan kamera ultra wide 50 MP (f/2.0).\r\n\r\nSementara itu, model Pro dibekali kamera utama 50 MP (f/1.9, sensor Sony IMX921, OIS), kamera ultra wide 50 MP (f/2.0), dan kamera telefoto 50 MP (f/1.9, sensor Sony IMX816).\r\n\r\nVivo  Vivo V40e varian warna Mint Green dan Royal Bronze.Selebihnya, Vivo V40e membawa spesifikasi yang mirip dengan dua kakaknya. Misalnya, Vivo V40e dibekali layar AMOLED 6,77 inci dengan resolusi 2.800 x 1.260 piksel, refresh rate 120 Hz, tingkat kecerahan (brightness) maksimum 4.500 nits.\r\n\r\nLayar ini dilengkapi kamera selfie 50 MP, resolusinya sama percis dengan kamera selfie di Vivo V40 dan V40 Pro. Layar Vivo V40e juga mendukung pemindai sidik jari di bawah layar (in-display fingerprint scanner).\r\n\r\nSama seperti Vivo V40 dan V40 Pro, Vivo V40e juga ditopang baterang 5.500 mAh dengan dukungan pengisian cepat (fast charging) 80 watt.\r\n\r\nPonsel ini menjalankan sistem operasi Android 14 dilapisi antarmuka Funtouch OS 14. Vivo dilaporkan menjamin akan memberikan tiga kali update OS Android dan empat tahun pembaruan keamanan.\r\n\r\nFitur pendukung yang dibawa meliputi dukungan 5G, dual SIM, Bluetooth 5.4, USB-C, dual stereo speaker, serta perlindungan terhadap debu dan percikan air dengan rating IP64. Vivo\r\n\r\nV40e juga dilengkapi fitur AI Erase (untuk menghapus obyek pada foto) dan AI Photo Enhancer (untuk membuat foto jernih dan minim noise), sebagaimana dihimpun KompasTekno dari laman Vivo India, Kamis (26/9/2024).\r\n\r\nDi India, Vivo V40e dijual dalam varian warna Royal Bronze dan Mint Green dengan harga sebagai berikut:\r\n<li>Harga Vivo V40e (8/128 GB) - 28.999 rupee (sekitar Rp 5,2 juta)</li>\r\n<li>Harga Vivo V40e (8/256 GB) - 30.999 rupee (sekitar Rp 5,6 juta)</li>\r\n\r\nBelum ada informasi soal ketersediaan Vivo V40e di luar India, termasuk di Indonesia. Vivo Indonesia sendiri baru saja meluncurkan model Vivo V40 Lite versi 4G dan 5G di Indonesia, melengkapi model Vivo V40 5G.', '2024-09-26', 'Galuh Putri Riyanto', 0, 4, 54),
(55, 'Oppo Reno 12 Pro 5G Punya Fitur Anti-FOMO, Rangkum Berita dan Artikel Pakai AI', 'Oppo Reno 12 Pro.jpg', 'Ponsel terbaru Oppo di Indonesia, yaitu Reno 12 Pro 5G dibekali banyak fitur kecerdasan buatan (artificial intelligence/AI), salah satunya adalah AI Summary.\r\n\r\nSesuai namanya, fitur ini bisa merangkum artikel atau berita yang pengguna baca di media online atau internet menggunakan AI.\r\n\r\nFitur ini bisa dibilang akan bermanfaat apabila pengguna tak memiliki waktu untuk membaca berbagai artikel atau berita panjang, namun mereka ingin mengetahui informasi inti dari artikel atau berita tersebut dengan cepat.\r\n\r\nSehingga, pengguna tak perlu lagi khawatir ketinggalan tren atau informasi terkini alias Fear of Missing Out (FOMO).\r\n\r\nNah, untuk memakai fitur AI Summary, pengguna bisa langsung membuka artikel atau berita yang ingin dirangkum melalui peramban (browser) internet, seperti Google Chrome, Firefox, Opera, dan lain sebagainya.\r\n\r\nSelanjutnya, mereka bisa membuka tampilan menu sidebar dengan menggeser (swipe) bagian kanan atas layar perangkat. Di tampilan ini, pilih menu &quot;AI Summary&quot;, sebagaimana tampak pada gambar paling kiri di bawah ini.\r\n\r\nBeberapa saat kemudian, AI di Oppo Reno 12 Pro 5G akan melakukan proses merangkum artikel atau berita dalam beberapa detik.\r\n\r\nNantinya, ringkasan dari artikel atau berita yang dirangkum AI akan langsung disajikan dalam poin-poin, sehingga akan mudah dibaca dan dimengerti, seperti gambar yang ada di bagian tengah di atas.\r\n\r\nArtikel dan berita yang sudah dirangkum tersebut juga bisa disalin dengan mengeklik tombol &quot;Copy summary&quot;, dibagikan ke aplikasi lain lewat tombol &quot;Share&quot;, atau disimpan di aplikasi pencatat Notes lewat fitur &quot;Save to Notes&quot;.\r\n\r\nPerlu diingat, AI Summary untuk saat ini hanya bisa merangkum artikel dan berita dari tiga bahasa saja, yaitu Inggris, Mandarin, dan Hindi.\r\n\r\nArtinya, fitur tersebut belum bisa merangkum artikel atau berita berbahasa Indonesia. Ada kemungkinan bahasa lokal ini akan didukung Oppo di masa depan.\r\n\r\nFitur AI Summary tersedia di Oppo Reno 12 5G dan Oppo Reno 12 Pro 5G. Kedua ponsel ini sudah bisa didapatkan di Indonesia dengan harga Rp 7 juta (12/256 GB) dan Rp 9 juta (12/512 GB).', '2024-09-25', 'Bill Clinten', 0, 4, 55),
(56, 'Riset: AI dan Pengalaman Kerja yang Personal Tingkatkan Kebahagiaan Karyawan', 'Riset AI dan Experience.jpg', 'Perusahaan teknologi AS, Hewlett Packard merilis hasil survei Work Relationship Index (WRI) 2024. Studi ini mensurvei 15.600 responden dari berbagai industri di 12 negara, termasuk di Indonesia, tentang kebahagiaan mereka di tempat kerja.\r\n\r\nRiset ini mengungkap penggunaan kecerdasan buatan (Artificial Intelligence/AI) dan pengalaman kerja yang lebih personal (personalized work experience), bisa membuat karyawan lebih bahagia di tempat kerja.\r\n\r\nKemudian, sebanyak 28 persen pekerja berpengetahuan (knowledge workers) telah memiliki hubungan yang sehat dengan pekerjaannya. Angka ini meningkat satu poin dibandingkan pada 2023 lalu.\r\n\r\nPenggunaan AI di tengah pekerja berpengetahuan ternyata meningkat menjadi 66 persen pada 2024 ini, naik dari sebelumnya 38 persen pada tahun lalu.\r\n\r\nSementara itu, pekerja yang menggunakan AI untuk membantu menyelesaikan pekerjaannya, memiliki skor kebahagiaan 11 poin lebih tinggi dibandingkan dengan rekan mereka yang tidak.\r\n\r\nPara pekerja yang menggunakan AI merasakan manfaatnya, termasuk hubungan yang lebih sehat dengan pekerjaan.\r\n\r\nBerikut ini temuan-temuan penting yang diungkap HP, sebagaimana dilaporkan jurnalis KOMPAS.com Reska Nistanto, langsung dari kantor HP di Palo Alto, San Francisco, AS, Selasa (24/9/2024) :\r\n<li>73 persen merasa bahwa AI membuat pekerjaan mereka lebih mudah, dan hampir 7 dari 10 (69 persen) menyesuaikan penggunaan AI agar lebih produktif, yang mengindikasikan bahwa AI dapat menjadi salah satu bahan untuk membuka pengalaman kerja yang lebih personal.</li>\r\n<li>60 persen menyatakan bahwa AI memainkan peran kunci dalam meningkatkan keseimbangan kehidupan kerja mereka.</li>\r\n<li>68 persen mengatakan bahwa AI membuka peluang baru bagi mereka untuk menikmati pekerjaan.</li>\r\n<li>73 persen setuju bahwa pemahaman yang lebih baik tentang AI akan memudahkan mereka untuk memajukan karier.</li>\r\n\r\nOleh karena itu, ada urgensi untuk membawa AI ke tangan para pekerja lebih cepat daripada menundanya.\r\n\r\nSebab, pekerja yang tidak memanfaatkan AI, telah menunjukkan peningkatan ketakutan akan penggantian pekerjaan oleh AI, dengan 37 persen menyatakan kekhawatirannya, meningkat +5 poin dari tahun lalu.\r\n\r\nHP juga menyebut pengalaman kerja yang lebih personal, sesuai dengan keinginan karyawan, dapat mengarah pada hubungan antara karyawan-pekerjaan yang lebih sehat.\r\n\r\nMenurut survei, dua pertiga dari pekerja berpengetahuan menginginkan pengalaman kerja yang dipersonalisasi, seperti ruang kerja yang disesuaikan, akses ke teknologi yang disukai, dan lingkungan kerja yang fleksibel.\r\n\r\nSebanyak 87 persen dari mereka bahkan rela dipotong gajinya demi mendapatkan pengalaman pekerjaan yang dipersonalisasi tadi.\r\n\r\nRata-rata, para pekerja bersedia merelakan hingga 14 persen dari gaji mereka. Karyawan dari kalangan Gen Z bahkan rela dipotong gajinya sebesar 19 persen.\r\n\r\nBerikut ini temuan survei HP mengapa karyawan bersedia mendapatkan pengalaman pekerjaan yang dipersonalisasi:\r\n<li>64 persen pekerja berpengetahuan mengatakan bahwa jika pekerjaan disesuaikan atau disesuaikan dengan kebutuhan dan preferensi pribadi, mereka akan lebih berinvestasi pada pertumbuhan perusahaan.</li>\r\n<li>69 persen pekerja berpengetahuan percaya bahwa hal ini akan meningkatkan kesejahteraan mereka secara keseluruhan.</li>\r\n<li>68 persen pekerja berpengetahuan menyatakan bahwa hal ini akan mendorong mereka untuk bertahan lebih lama dengan perusahaan mereka saat ini.</li>\r\n\r\n\"Kami tahu bahwa ekspektasi pemberi kerja dan karyawan telah berevolusi dan kami percaya bahwa teknologi pintar adalah kunci untuk memenuhi kebutuhan tenaga kerja saat ini,\" ujar Enrique Lores, Presiden dan CEO HP Inc.', '2024-09-25', 'Reska K. Nistanto', 0, 4, 56),
(57, 'HP Tecno Spark 30 Pro Meluncur dengan Helio G100, Ada Edisi Transformers', 'Tecno Spark 30 Pro.jpg', 'Vendor smartphone asal China, Tecno mengumumkan Tecno Spark 30 Pro secara global, Selasa (23/9/2024).\n\nPonsel ini menjadi model terbaru sekaligus melengkapi jajaran Tecno Spark 30 yang dirilis dalam beberapa waktu belakangan. Sejauh ini, ada tiga perangkat yang sudah diumumkan termasuk Spark 30, Spark 30C, Spark 30 Pro.\n\nTecno juga mengungkap akan menghadirkan model Spark 30C 5G dan Spark 30 5G.\n\nKhusus untuk Spark 30 Pro, ponsel ini mengunggulkan kamera 108 MP, chipset MediaTek Helio G100, hingga fitur TecnoAI. Spesifikasi ini membuat Tecno Spark 30 Pro lebih mumpuni dari model Spark 30 dan Spark 30C yang lebih dulu diumumkan.\n\nYang spesial, Spark 30 Pro juga hadir dalam edisi khusus Transformers. Dengan ini, pengguna bisa memiliki Tecno Spark 30 Pro dengan desain punggung yang terinspirasi dari karakter Bumblebee dan Optimus Prime.\n\nIni berkat kerja sama dengan Hasbro, produsen mainan asal AS sekaligus pemegang merek Transformers.\n\nTecno Spark 30 Pro dengan desain punggung yang terinspirasi dari karakter Bumblebee (warna kuning-hitam) dan Optimus Prime (warna biru-merah-silver).\n\nDi samping varian Transformers, Tecno Spark 30 Pro juga hadir dalam warna Obsidian Edge (Hitam) dan Arctic Glow (Putih).\n\nUntuk spesifikasi layar, Tecno Spark 30 Pro dibekali layar AMOLED 6,78 inci dengan resolusi Full HD Plus, refresh rate 120 Hz, dan tingkat kecerahan layar puncak 1.700 nits.\n\nLayar ponsel ini dibekali kamera selfie 13 MP dan mendukung pemindai sidik jari di bawah layar (in-display fingerprint scanner).\n\nTecno Mobile  Tecno Spark 30 Pro hadir dengan kamera 108 MP, chipset MediaTek Helio G100, hingga fitur TecnoAI.Beralih ke sisi punggung, ada modul kamera cukup besar. Salah satunya menampung kamera utama 108 MP yang mendukung 3x lossless zoom dan zoom digital 10x. Kamera lain diyakini adalah AI kamera atau kamera depth sensor untuk foto bokeh.\n\nUntuk performa, Tecno Spark 30 Pro ditenagai chipset Helio G100 (Agustus 2024). Chipset yang satu tingkat di atas Helio G99 ini disebut sebagai chipset 4G-only terkuat yang saat ini ada di pasaran.\n\nChipset tersebut menjadi yang paling baru dan mumpuni dibanding dua model lainnya, yakni Helio G91 di Spark 30 dan Helio G81 di Spark 30C.\n\nChipset Helio G100 Tecno Spark 30 Pro ini dipadukan dengan RAM 8 GB dan penyimpanan media 128/256 GB.\n\nTecno juga membekali Spark 30 Pro dengan fitur AI &quot;TecnoAI&quot; secara bawaan. Misalnya, ada AIGC Imaging, yang merupakan rangkaian dengan potret AI, penghapus, dan fitur guntingan (cut-out).\n\nAda juga asisten suara yang didukung oleh Google Gemini. Kemudian, fitur AI Wallpaper dan AI Artboard, yang dapat sedikit menyesuaikan tampilan antarmuka sesuai dengan preferensi pengguna.\n\nTecno Spark 30 Pro ditopang baterai 5.000 mAh dengan dukungan pengisian cepat (fast charging) 33W. Fitur pendukung lain yang dibawa meliputi speaker stereo, Dolby Hi-Res Audio, Radio FM, NFC, USB-C.\n\nMeski sudah mengumumkan spesifikasi, Tecno belum mengungkap harga dan ketersediaan Tecno Spark 30 Pro, termasuk yang edisi Transformers, sebagaimana dihimpun KompasTekno dari GSMArena, Selasa (24/9/2024).', '2024-09-24', 'Galuh Putri Riyanto', 0, 4, 57),
(58, 'Samsung Galaxy M55s 5G Dirilis, Kembaran Galaxy M55 Harga Lebih Murah', 'Samsung Galaxy M55s.jpg', 'Samsung meluncurkan smartphone kelas menengah (mid-range) baru dari keluarga M-series, yakni Galaxy M55s, di India, Senin (23/9/2024).\r\n\r\nGalaxy M55s ini merupakan kembaran Samsung M55 yang dirilis global sekitar bulan Maret lalu. Jadi secara umum, spesifikasi yang ditawarkan sama. Mulai dari layar 6,7 inci, chipset Qualcomm Snapdragon 7 Gen 1, RAM 8 GB, triple kamera, dan dukungan 5G.\r\n\r\nMeski spesifikasinya kembar, Samsung Galaxy M55s ditawarkan dalam banderol harga yang lebih murah sekitar Rp 1,3 juta untuk varian memori 8/128 GB.\r\n\r\nMenurut laporan FoneArena, sebagaimana dihimpun KompasTekno, harga Samsung Galaxy M55s di India adalah sebagai berikut:\r\n<li>Galaxy M55s (8/128 GB) - 19.999 rupee (sekitar Rp 3,6 juta)</li>\r\n<li>Galaxy M55s (8/256 GB) - 22.999 rupee (sekitar Rp 4,1 juta)</li>\r\n\r\nSebagai perbandingan, berikut harga Samsung Galaxy M55 saat dirilis di India pada Maret lalu:\r\n<li>Galaxy M55 (8/128 GB) - 26.999 rupee (sekitar Rp 4,9 juta)</li>\r\n<li>Galaxy M55 (8/128 GB) - 26.999 rupee (sekitar Rp 4,9 juta)</li>\r\n<li>Galaxy M55 (12/256 GB) - 32.999 rupee (sekitar Rp 6 juta)</li>\r\n\r\nSebenarnya Galaxy M55s juga ditawarkan dalam varian 12/256 GB, tapi Samsung belum mengungkap harganya.\r\n\r\nPerbedaan minor lain ada pada desain punggung. Samsung terlihat menggunakan desain dua warna pada bodi belakang Galaxy M55s. Tampilan punggung ponsel ini juga dihiasi aksen garis vertikal di sisi kiri tempat sensor kamera dibenamkan.\r\n\r\nSelebihnya, spesifikasi Samsung M55s sama dengan Samsung M55.\r\n\r\nSamsung  Samsung Galaxy M55s 5G dijual mulai 19.999 rupee (sekitar Rp 3,6 juta) untuk varian 8/128 GB.Untuk layar, Samsung Galaxy M55s masih dibekali layar AMOLED 6,7 inci dengan resolusi Full HD Plus, refresh rate 120 Hz, dan tingkat kecerahan layar puncak 1.000 nits.\r\n\r\nLayar ini dibekali kamera selfie 50 MP dan sudah mendukung pemindai sidik jari di bawah layar (in-display fingerprint scanner).\r\n\r\nUntuk fotografi, Samsung M55s dibekali konfigurasi dengan Samsung M55. Misalnya, ada tiga kamera belakang yang terdiri dari kamera utama 50 MP dengan OIS, kamera ultrawide 8 MP, dan kamera makro 2 MP.\r\n\r\nFitur kamera yang ditawarkan seperti Nightography dan dual recording.\r\n\r\nChipset yang digunakan Galaxy M55s juga sama persis dengan Galaxy M55, yakni Qualcomm Snapdragon 7 Gen 1.\r\n\r\nSamsung M55s ditopang baterai 5.000 mAh dengan dukungan pengisian cepat (fast charging) hingga 45 watt. Ponsel ini menjalankan sistem operasi Android 14 dilapisi antarmuka OneUI 6.1.\r\n\r\nFitur lain yang dibawa seperti fitur keamanan Samsung Knox Vault, Quick share, NFC, USB-C, dual SIM, slot microSD, serta Wi-Fi 802.11ac, Bluetooth 5.3, GPS. Di India, Galaxy M55s ditawarkan dalam varian warna&amp;nbsp;Thunder Black and Coral Green.\r\n\r\nSejauh ini, Samsung Indonesia belum memboyong Galaxy M55 yang dirilis sejak Maret lalu ke pasar domestik. Pun, belum ada informasi soal ketersediaan Galaxy M55s di wilayah Indonesia.', '2024-09-24', 'Galuh Putri Riyanto', 0, 4, 58);
INSERT INTO `posts` (`id`, `title`, `img`, `body`, `date`, `author`, `view`, `category_id`, `url_id`) VALUES
(59, 'Oppo Find X8 Pro Dapat &quot;Lampu Hijau&quot; dari Indonesia, Rilis 21 Oktober?', 'Oppo Find X8 Pro.jpg', 'Oppo tampaknya akan menghadirkan smartphone terbaru mereka dari keluarga Find X-Series di Indonesia dalam waktu dekat.\r\n\r\nPasalnya, dua ponsel misterius Oppo dengan model &quot;CPH2651&quot; dan &quot;CPH2659&quot; sudah lolos uji sertifikasi&amp;nbsp;Tingkat Komponen Dalam Negeri (TKDN) dari Kementerian Perindustrian (Kemenperin).\r\n\r\nBerdasarkan penelusuran kami di internet, Selasa (24/9/2024), ponsel dengan model CPH2651 diduga sebagai Oppo Find X8, sedangkan model CPH2659 adalah Oppo Find X8 Pro. Dalam laman TKDN, kedua ponsel ini lolos uji TKDN dengan nilai 36,65 persen.&amp;nbsp;\r\n\r\nSelain sudah lolos uji TKDN, salah satu perangkat tersebut, yaitu yang memiliki nomor model CPH2659, juga sudah lolos sertifikasi perangkat Pos dan Telekomunikasi (Postel) dari Direktorat Jenderal (Ditjen) Sumber Daya dan Perangkat Pos dan Informatika (SDPPI) Kementerian Komunikasi dan Informatika (Kominfo).\r\n\r\nDalam laman Postel, perangkat yang memiliki sertifikat 103623/SDPPI/2024 yang baru didapatkan pada Senin ini tersebut, sudah diizinkan beredar di Indonesia dengan nama resmi &quot;Oppo Find X8 Pro&quot;.\r\n\r\nMeski model &quot;Pro&quot; sudah muncul di Postel, ponsel Oppo CPH2651 di laman TKDN tadi, yang diduga sebagai Oppo Find X8 &quot;reguler&quot;, tampaknya belum muncul di laman Postel. Ada kemungkinan ponsel tersebut akan mendapatkan sertifikasi Postel juga dalam waktu dekat, lantaran memang sudah lolos uji TKDN.\r\n\r\nKendati sudah lolos uji, belum bisa dipastikan apakah perangkat dengan model tersebut merupakan benar-benar Oppo Find X8 dan X8 Pro atau bukan.&amp;nbsp;Terlebih, pihak Oppo Indonesia saat ini belum mengumbar hal apapun terkait kehadiran Oppo Find X8 Series di Indonesia.\r\n\r\nNamun yang jelas, ini merupakan ajang kembalinya (comeback) Oppo dengan ponsel Find X-Series, setelah terakhir kali meluncurkan Oppo Find X5 Pro di Indonesia dua tahun lalu, atau sekitar Juni 2022 lalu.\r\n\r\nOppo sebenarnya juga memasarkan ponsel flagship untuk tahun 2023, namun dari keluarga ponsel lipat Find N3 Series, yaitu Find N3 Flip pada Oktober 2023 lalu dan Find N3 pada November 2023 lalu.\r\n\r\nTerkait Oppo Find X8 dan X8 Pro, kedua ponsel ini belum meluncur di negara manapun. Menurut sejumlah kabar di dunia maya, kedua ponsel tersebut akan diperkenalkan secara global pada 21 Oktober 2024 mendatang.\r\n\r\nBocoran spesifikasi Oppo Find X8 Series\r\n\r\nGSMArena  Ilustrasi bezel iPhone 16 Pro (kiri) dan bezel Oppo Find X8 (kanan).\r\n\r\nTanggal peluncuran Oppo Find X8 Series boleh misterius, namun bocoran spesifikasi terkait ponsel flagship teranyar Oppo ini sudah beredar di internet.\r\n\r\nMenurut rumor, Oppo Find X8 Series akan hadir dalam tiga model, yaitu Find X8, X8 Pro, dan X8 Ultra. Model reguler dan Pro disebut akan memakai chipset Mediatek Dimensity 9400, sedangkan model Ultra disinyalir akan memakai Qualcomm Snapdragon 8 Gen 4.\r\n\r\nBelum ada informasi apakah Find X8 Ultra akan masuk ke Indonesia juga atau tidak.\r\n\r\nPada sektor desain, Oppo FInd X8 dan Find X8 Pro konon akan dibekali layar LTPO AMOLED beresolusi 1260p, sementara versi Ultra akan punya resolusi layar QHD Plus. Konon, layar Oppo Find X8, mungkin juga Find X8 Pro dan X8 Ultra, akan memiliki bezel super tipis dengan lebar 1,45 mm.', '2024-09-24', 'Bill Clinten', 0, 4, 59),
(60, 'Kabar Qualcomm Akuisisi Intel Semakin Menguat', 'Qualcomm Akuisisi Intel.jpeg', 'Kabar akuisisi perusahaan produsen prosesor, Intel oleh Qualcomm (produsen chip mobile Snapdragon) semakin menguat, menyusul bisnis dan harga saham Intel yang terus anjlok beberapa bulan belakangan.&amp;nbsp;\r\n\r\nYang terbaru, bos besar alias CEO Qualcomm, Cristiano Amon disebut langsung terlibat dalam rencana akuisisi perusahaan chip asal Santa Clara, California, Amerika Serikat (AS) tersebut.\r\n\r\nHal ini disampaikan seorang sumber industri yang berbicara kepada kantor berita Reuters. Menurut sumber ini, salah satu keterlibatan Amon adalah dalam seputar negosiasi bisnis dengan Intel.\r\n\r\nSelain negosiasi, sumber lainnya juga menyebut bahwa Amon tengah menelusuri sejumlah opsi yang berkaitan dengan proses akuisisi, terutama seputar biaya dan kesepakatan yang akan diajukan Qualcomm terkait pembelian Intel.\r\n\r\nBelum ada informasi apakah kabar rencana akuisisi Intel oleh Qualcomm ini benar atau tidak. Baik Intel dan Qualcomm saat ini belum memberikan pernyataan resmi seputar kabar tersebut.\r\n\r\nNamun apabila benar, akuisisi Intel oleh Qualcomm akan menjadi salah satu akuisisi bisnis terbesar dalam sejarah, terutama setelah Broadcom gagal mengakuisisi Qualcomm senilai 142 miliar dolar AS (sekitar Rp 2.152 triliun) pada 2018 lalu.\r\n\r\nLangkah bisnis ini juga kemungkinan besar akan mengundang banyak perhatian dari para regulasi setempat dan beberapa wilayah operasional Qualcomm dan Intel, seperti AS, China, dan Eropa.\r\n\r\nSebab, monopoli pasar chip kemungkinan akan menjadi isu besar apabila bisnis Intel berada di bawah payung Qualcomm, sebagaimana dirangkum KompasTekno dari Reuters, Senin (23/9/2024).\r\n\r\nSupaya terhindar dari monopoli bisnis, Qualcomm disebut juga harus menyiapkan beberapa opsi, seperti menjual (divestasi) beberapa divisi atau unit bisnis yang berada di bawah payung Intel.\r\n\r\nQualcomm lirik Intel beberapa bulan belakangan\r\n\r\nSeperti diwartakan sebelumnya, ini bukan pertama kali kabar terkait akuisisi bisnis Intel oleh Qualcomm beredar.\r\n\r\nPada awal September lalu, tersiar kabar bahwa Intel hendak melepas sejumlah unit bisnis dan asetnya, yang disinyalir sedang dilirik oleh Qualcomm selama beberapa bulan belakangan.\r\n\r\nKala itu, seorang sumber yang berbicara kepada Reuters mengatakan bahwa para eksekutif Qualcomm bukan hanya berminat mencaplok unit bisnis desain client PC Intel, tapi keseluruhan unit desain dari perusahaan tersebut.\r\n\r\nSumber ini juga mengatakan Qualcomm sudah merencanakan akuisisi unit-unit bisnis Intel selama berbulan-bulan, tapi keputusannya belum difinalisasi dan masih bisa berubah.\r\n\r\nIntel sendiri tampaknya mau &quot;membuka pintu&quot; akusisi kepada Qualcomm, lantaran perusahaan chip yang membuat prosesor Intel Core itu sedang dirundung masalah finansial.', '2024-09-23', 'Bill Clinten', 0, 4, 60);

-- --------------------------------------------------------

--
-- Table structure for table `urls`
--

CREATE TABLE `urls` (
  `id` int(11) NOT NULL,
  `url_posts` varchar(250) NOT NULL,
  `website` varchar(100) NOT NULL
) ENGINE=InnoDB DEFAULT CHARSET=utf8mb4 COLLATE=utf8mb4_general_ci;

--
-- Dumping data for table `urls`
--

INSERT INTO `urls` (`id`, `url_posts`, `website`) VALUES
(1, 'https://www.oneesports.id/mobile-legends/bikin-comeback-gemilang-lawan-rrq-evos-id-raih-gelar-juara-dunia-m1/', 'One Esports'),
(2, 'https://bola.kompas.com/read/2024/06/02/03581838/hasil-dortmund-vs-madrid-0-2-los-blancos-juara-liga-champions-2024#google_vignette', 'Kompas'),
(3, 'https://www.oneesports.id/mobile-legends/evos-icon-juara-wcg-2023/', 'One Esports'),
(4, 'https://www.oneesports.id/mobile-legends/timnas-mlbb-juara-iesf-2022/', 'One Esports'),
(5, 'https://www.oneesports.id/mobile-legends/profil-dan-biodata-mas-ade/', 'One Esports'),
(6, 'https://www.oneesports.id/dota2/team-spirit-juara-ti12', 'One Esports'),
(7, 'https://www.oneesports.id/pubg/vampire-esports-juara-pmsl-sea-fall-2024/', 'One Esports'),
(8, 'https://www.oneesports.id/free-fire/kolaborasi-free-fire-x-blue-lock-2024/', 'One Esports'),
(9, 'https://www.oneesports.id/free-fire/bigetron-delta-juara-ffws-id-fall-2024/', 'One Esports'),
(10, 'https://www.oneesports.id/free-fire/ffws-id-fall-2024-sukses-raih-rekor-muri/', 'One Esports'),
(11, 'https://www.oneesports.id/free-fire/kagendra-ffws-id-fall-2024/', 'One Esports'),
(12, 'https://www.oneesports.id/free-fire/ffws-sea-fall-2024-di-indonesia/', 'One Esports'),
(13, 'https://www.oneesports.id/ea-sports-fc/tanggal-rilis-ea-fc-25-pre-order-platform/', 'One Esports'),
(14, 'https://www.oneesports.id/valorant/tuan-rumah-valorant-masters-2025-bangkok-toronto/', 'One Esports'),
(15, 'https://www.oneesports.id/honor-of-kings/rrq-lolos-ke-playoff-kc-2024-indonesia-qualifier/', 'One Esports'),
(16, 'https://www.oneesports.id/pubg/boom-lolos-ke-final-pmsl-sea-fall-2024/', 'One Esports'),
(17, 'https://sport.detik.com/sepakbola/bola-dunia/d-7532664/ronaldo-gacor-bareng-portugal-bukti-main-di-arab-tetap-kompetitif', 'Detik'),
(18, 'https://sport.detik.com/sepakbola/liga-indonesia/d-7532663/indonesia-vs-australia-tekanan-suporter-garuda-penyemangat-socceroos', 'Detik'),
(19, 'https://sport.detik.com/sepakbola/liga-indonesia/d-7532657/motivasi-jay-idzes-di-kualifikasi-piala-dunia-2026', 'Detik'),
(20, 'https://sport.detik.com/sepakbola/bola-dunia/d-7531398/cristiano-ronaldo-menuju-1-000-gol', 'Detik'),
(21, 'https://sport.detik.com/sepakbola/liga-spanyol/d-7530185/carlo-ancelotti-belum-mau-pensiun-dari-dunia-pelatih', 'Detik'),
(22, 'https://sport.detik.com/sepakbola/liga-spanyol/d-7528161/lamine-yamal-coba-abaikan-perbandingan-dengan-messi', 'Detik'),
(23, 'https://sport.detik.com/sepakbola/liga-spanyol/d-7519903/brace-yang-membawa-kylian-mbappe-masuk-daftar-elite-real-madrid', 'Detik'),
(24, 'https://sport.detik.com/sepakbola/liga-inggris/d-7525775/satu-hal-yang-bikin-shearer-ragu-haaland-akan-patahkan-rekor-golnya', 'Detik'),
(25, 'https://sport.detik.com/sepakbola/bola-dunia/d-7531990/kata-roy-keane-ronaldo-masih-paling-hebat-di-dunia-dalam-hal-ini?mtype=mpc.ctr.B-boxccxmpcxmp-modelB', 'Detik'),
(26, 'https://sport.detik.com/sepakbola/liga-spanyol/d-7550331/ronaldo-lamine-yamal-akan-jadi-pemain-terbaik-di-generasinya', 'Detik'),
(27, 'https://sport.detik.com/sepakbola/liga-spanyol/d-7544888/dua-prioritas-incaran-real-madrid-selanjutnya', 'Detik'),
(28, 'https://sport.detik.com/sepakbola/liga-indonesia/d-7547781/presiden-fifa-akan-hadiri-peresmian-tc-timnas-indonesia-di-ikn', 'Detik'),
(29, 'https://sport.detik.com/sepakbola/liga-indonesia/d-7548827/afc-champions-league-2-persib-tumbang-0-1-dari-port-fc', 'Detik'),
(30, 'https://sport.detik.com/sepakbola/uefa/d-7548061/start-liga-champions-rasa-super-league-1-gol-setiap-26-menit', 'Detik'),
(31, 'https://regional.kompas.com/read/2024/09/14/164417678/4-paslon-gubernur-dan-wagub-penuhi-syarat-administratif-maju-di-pilkada', 'Kompas'),
(32, 'https://bandung.kompas.com/read/2024/09/12/123546178/soroti-masalah-sampah-di-jabar-dedi-mulyadi-ingin-gaji-tukang-sapu-jalan', 'Kompas'),
(33, 'https://nasional.kompas.com/read/2024/09/11/12295321/kesepakatan-pilkada-ulang-pada-2025-jika-kotak-kosong-menang-dinilai-tepat', 'Kompas'),
(34, 'https://nasional.kompas.com/read/2024/09/10/16452041/polri-gencarkan-patroli-siber-untuk-amankan-pilkada-2024', 'Kompas'),
(35, 'https://regional.kompas.com/read/2024/09/10/132555678/hadiri-rakercabsus-pilkada-pdi-p-di-sukoharjo-andika-perkasa-hendi-naik', 'Kompas'),
(36, 'https://regional.kompas.com/read/2024/09/24/172846278/pilkada-jateng-2024-netralitas-asn-dan-sanksi-bagi-yang-melanggar', 'Kompas'),
(37, 'https://nasional.kompas.com/read/2024/09/24/17153511/kampanye-pilkada-2024-dimulai-besok-kpu-ingatkan-kandidat-patuhi-aturan', 'Kompas'),
(38, 'https://megapolitan.kompas.com/read/2024/09/23/18042741/temui-heru-budi-kpu-jakarta-bahas-persiapan-pilkada-2024-dan-debat-cagub', 'Kompas'),
(39, 'https://nasional.kompas.com/read/2024/09/13/07000051/pakar-sebut-jumlah-calon-tunggal-pilkada-bisa-lebih-besar-jika-tak-ada', 'Kompas'),
(40, 'https://bandung.kompas.com/read/2024/09/12/125930478/dedi-mulyadi-ingin-sediakan-layanan-pengobatan-tradisional-di-rumah-sakit', 'Kompas'),
(41, 'https://bandung.kompas.com/read/2024/09/09/115157678/jelang-pilkada-jabar-2024-ronal-surapradja-tidak-siap-tapi-harus-siap', 'Kompas'),
(42, 'https://www.kompas.com/hype/read/2024/09/06/144225166/ikut-sosialisasi-bakal-calon-bupati-serang-raffi-ahmad-saya-tulus-dan-tak', 'Kompas'),
(43, 'https://www.kompas.com/tren/read/2024/09/06/133000565/apa-yang-terjadi-jika-kotak-kosong-menang-melawan-calon-tunggal-', 'Kompas'),
(44, 'https://regional.kompas.com/read/2024/09/05/132535078/ganjar-beberkan-intimidasi-dan-kejanggalan-selama-tahapan-pemilu-di-jateng', 'Kompas'),
(45, 'https://megapolitan.kompas.com/read/2024/09/04/07500181/pramono-anung-pembangunan-jakarta-tidak-bisa-ego-sektoral', 'Kompas'),
(46, 'https://tekno.kompas.com/read/2024/09/25/19010077/bocoran-lengkap-spesifikasi-xiaomi-redmi-note-14-pro-rilis-besok?page=all#page2', 'Kompas'),
(47, 'https://tekno.kompas.com/read/2024/09/25/18010027/11-juta-hp-android-disusupi-malware-necro-wa-mod-biang-keroknya', 'Kompas'),
(48, 'https://tekno.kompas.com/read/2024/09/25/11010007/jumlah-pekerja-indonesia-yang-pakai-ai-meroket-mayoritas-gen-z', 'Kompas'),
(49, 'https://tekno.kompas.com/read/2024/09/24/19160097/hands-on-zte-nubia-neo-2-hp-gaming-dengan-tombol-mirip-l1-dan-r1', 'Kompas'),
(50, 'https://tekno.kompas.com/read/2024/09/23/12350087/ramai-fitur-eye-tracking-ios-18-buat-scroll-layar-dengan-mata-iphone-11', 'Kompas'),
(51, 'https://tekno.kompas.com/read/2024/09/23/13030067/ceo-google-komentari-ketakutan-programmer-bakal-digantikan-ai', 'Kompas'),
(52, 'https://tekno.kompas.com/read/2024/09/21/08000057/counterpoint--xiaomi-ungguli-apple-samsung-tetap-teratas', 'Kompas'),
(53, 'https://tekno.kompas.com/read/2024/09/20/11020027/youtube-kini-punya-tombol-hype-untuk-dongkrak-popularitas-kreator-pemula?page=all#page2', 'Kompas'),
(54, 'https://tekno.kompas.com/read/2024/09/26/10010047/smartphone-vivo-v40e-resmi-v40-versi-bontot-harga-rp-5-jutaan', 'Kompas'),
(55, 'https://tekno.kompas.com/read/2024/09/25/17050027/oppo-reno-12-pro-5g-punya-fitur-anti-fomo-rangkum-berita-dan-artikel-pakai-ai', 'Kompas'),
(56, 'https://tekno.kompas.com/read/2024/09/25/06450047/riset-ai-dan-pengalaman-kerja-yang-personal-tingkatkan-kebahagiaan-karyawan', 'Kompas'),
(57, 'https://tekno.kompas.com/read/2024/09/24/10250027/hp-tecno-spark-30-pro-meluncur-dengan-helio-g100-ada-edisi-transformers', 'Kompas'),
(58, 'https://tekno.kompas.com/read/2024/09/24/08180057/samsung-galaxy-m55s-5g-dirilis-kembaran-galaxy-m55-harga-lebih-murah', 'Kompas'),
(59, 'https://tekno.kompas.com/read/2024/09/24/07330097/oppo-find-x8-pro-dapat-lampu-hijau-dari-indonesia-rilis-21-oktober-', 'Kompas'),
(60, 'https://tekno.kompas.com/read/2024/09/23/09060097/kabar-qualcomm-akuisisi-intel-semakin-menguat', 'Kompas');

-- --------------------------------------------------------

--
-- Table structure for table `user`
--

CREATE TABLE `user` (
  `id_user` int(11) NOT NULL,
  `username` varchar(50) NOT NULL,
  `password` varchar(260) NOT NULL,
  `roles` enum('admin','nadmin') NOT NULL
) ENGINE=InnoDB DEFAULT CHARSET=utf8mb4 COLLATE=utf8mb4_general_ci;

--
-- Dumping data for table `user`
--

INSERT INTO `user` (`id_user`, `username`, `password`, `roles`) VALUES
(1, 'admin', '$2y$10$Q5X.WYNsDLrOOHkTTROmp.xV4bcOAq/rIw0qMb.XFdIt4YWzS1MsO', 'admin');

--
-- Indexes for dumped tables
--

--
-- Indexes for table `category`
--
ALTER TABLE `category`
  ADD PRIMARY KEY (`id`);

--
-- Indexes for table `comment`
--
ALTER TABLE `comment`
  ADD PRIMARY KEY (`id`),
  ADD KEY `post_id` (`post_id`);

--
-- Indexes for table `posts`
--
ALTER TABLE `posts`
  ADD PRIMARY KEY (`id`),
  ADD KEY `category_id` (`category_id`),
  ADD KEY `url_id` (`url_id`);

--
-- Indexes for table `urls`
--
ALTER TABLE `urls`
  ADD PRIMARY KEY (`id`);

--
-- Indexes for table `user`
--
ALTER TABLE `user`
  ADD PRIMARY KEY (`id_user`);

--
-- AUTO_INCREMENT for dumped tables
--

--
-- AUTO_INCREMENT for table `category`
--
ALTER TABLE `category`
  MODIFY `id` int(11) NOT NULL AUTO_INCREMENT, AUTO_INCREMENT=5;

--
-- AUTO_INCREMENT for table `comment`
--
ALTER TABLE `comment`
  MODIFY `id` int(11) NOT NULL AUTO_INCREMENT;

--
-- AUTO_INCREMENT for table `posts`
--
ALTER TABLE `posts`
  MODIFY `id` int(11) NOT NULL AUTO_INCREMENT, AUTO_INCREMENT=61;

--
-- AUTO_INCREMENT for table `urls`
--
ALTER TABLE `urls`
  MODIFY `id` int(11) NOT NULL AUTO_INCREMENT, AUTO_INCREMENT=61;

--
-- AUTO_INCREMENT for table `user`
--
ALTER TABLE `user`
  MODIFY `id_user` int(11) NOT NULL AUTO_INCREMENT, AUTO_INCREMENT=2;

--
-- Constraints for dumped tables
--

--
-- Constraints for table `comment`
--
ALTER TABLE `comment`
  ADD CONSTRAINT `comment_ibfk_1` FOREIGN KEY (`post_id`) REFERENCES `posts` (`id`);

--
-- Constraints for table `posts`
--
ALTER TABLE `posts`
  ADD CONSTRAINT `posts_ibfk_1` FOREIGN KEY (`category_id`) REFERENCES `category` (`id`),
  ADD CONSTRAINT `posts_ibfk_2` FOREIGN KEY (`url_id`) REFERENCES `urls` (`id`);
COMMIT;

/*!40101 SET CHARACTER_SET_CLIENT=@OLD_CHARACTER_SET_CLIENT */;
/*!40101 SET CHARACTER_SET_RESULTS=@OLD_CHARACTER_SET_RESULTS */;
/*!40101 SET COLLATION_CONNECTION=@OLD_COLLATION_CONNECTION */;
